"x1","x2","y"
0.952865628059953,0.472564224386588,6.80240018490936
0.980155135737732,0.949406133033335,8.62751891213198
0.849522542674094,0.329730457160622,7.16923655287075
0.00111613771878183,0.979314871598035,-0.00248503402310844
0.485724611207843,0.255356878740713,3.19040424417493
0.0843187894206494,0.78499524272047,-0.356127630993347
0.0890772987622768,0.404871395789087,1.70598213568169
0.903778727864847,0.86128888768144,9.31415565334079
0.648642929270864,0.246382175479084,10.4337707511672
0.545860663522035,0.800767604960129,8.39778174137158
0.252083763480186,0.861443458823487,3.30245972562876
0.315524786012247,0.364406623411924,2.71166066794501
0.711007703095675,0.416473493212834,5.9436551741435
0.93515675701201,0.367606035200879,14.7737404175601
0.580220898846164,0.0256900622043759,5.54418121338346
0.579836890101433,0.617445596726611,2.18861193846974
0.553207906661555,0.159717977978289,2.24274932068029
0.741365513531491,0.585637223906815,6.06529055629039
0.22962318174541,0.503022820688784,0.673220833143365
0.760122051695362,0.442062316928059,7.2585075153556
0.161789202596992,0.40113022364676,0.453232647418335
0.649622702272609,0.852772395592183,3.72342818948095
0.430271728895605,0.0763123696669936,0.52403038040415
0.154257860733196,0.297269017668441,-0.262611471911664
0.188643473898992,0.0152151866350323,2.85251545268057
0.866416234523058,0.464564473601058,9.45838925864539
0.22256479295902,0.556971397483721,2.33682144158669
0.134282070212066,0.229694237234071,1.13130466960957
0.7143033973407,0.442800946999341,8.27949215701837
0.981583262328058,0.0366840246133506,11.820431803715
0.146891269367188,0.865009080385789,-0.883977797261211
0.239001383073628,0.462383853970096,1.95837793377478
0.741225195350125,0.956267145462334,8.30078763924396
0.195542447734624,0.171080857282504,0.962236685657482
0.683577049756423,0.576875087339431,9.86090037376629
0.74013680126518,0.898189511848614,7.02767857209762
0.886229859199375,0.25361201306805,12.9359843906108
0.661922240862623,0.295409785117954,3.6368997660927
0.867574739502743,0.417921338928863,14.1271221442543
0.214596653357148,0.757489707088098,2.80523384991039
0.402456488460302,0.463952197693288,6.06854294860947
0.658685704926029,0.711190589470789,3.91621790937573
0.113071142463014,0.867046399507672,-0.427333471333828
0.289943073876202,0.195336254080757,2.99477996077745
0.408492653630674,0.606729699764401,3.46089503919126
0.336811500135809,0.309791416628286,6.41197351226109
0.664389616809785,0.230162318563089,5.86853736666677
0.447335620643571,0.724338729400188,6.19330057867705
0.040642328094691,0.0131965787149966,-0.776749576738261
0.880503880092874,0.634193969890475,8.8404091742247
0.607916517416015,0.315446318127215,6.00272770691484
0.184003773611039,0.214742087991908,-0.663453170884292
0.80347871943377,0.961531473789364,11.018060721803
0.467607421102002,0.699570425553247,5.30140370943905
0.0553186228498816,0.509214513469487,1.13223255640978
0.242941776057705,0.200934371678159,0.553546611641062
0.582357318373397,0.235551605001092,4.98406064132629
0.466105861589313,0.129977807635441,3.5658637860257
0.927773943869397,0.904543331125751,10.7513967890629
0.316141591407359,0.811516328714788,3.73664343883456
0.934767877450213,0.949078094214201,9.24307673014263
0.169047841569409,0.112434181151912,2.57363946910298
0.868801833828911,0.683395196450874,7.84691525823466
0.728947538416833,0.746846619062126,8.43558482309513
0.164380891481414,0.94629778014496,1.00086399570737
0.991297255270183,0.161458325106651,9.08090900583321
0.957686065929011,0.691670188913122,11.1967317643716
0.113906065700576,0.285051390063018,0.452433163315322
0.814551083836704,0.682863770052791,8.33424669584726
0.698706092545763,0.824870576849207,7.17542946244877
0.865314973052591,0.155388333369046,11.9789448111629
0.361792534589767,0.78023373358883,3.40067656684877
0.139937532367185,0.961735551711172,1.93172513659025
0.139427946181968,0.302692660596222,0.735892681496646
0.244863013969734,0.735921978484839,1.49021266223812
0.717739144340158,0.959285287652165,6.36305125392986
0.595939979888499,0.0816821700427681,4.61103172790103
0.293455038918182,0.252550916047767,5.31891777406493
0.337789997924119,0.276259637903422,6.09186339451857
0.152864117873833,0.779316309839487,3.35203826663536
0.472796098096296,0.0254047189373523,3.77232306839537
0.763901274185628,0.915424886159599,10.1478795474229
0.545455734245479,0.578805575380102,4.44580513043253
0.038973479764536,0.294805651064962,-0.975989889206202
0.895148076349869,0.819807446794584,8.79212834988671
0.610271839424968,0.195596674457192,4.0545808978346
0.339131795801222,0.297592475777492,3.30341867138851
0.578014347935095,0.893865135498345,4.96905981428293
0.345127780921757,0.78696490963921,4.17685394131686
0.449244186514989,0.411538238404319,3.99910375897174
0.315943740541115,0.620464109815657,-0.365142886609793
0.654476080555469,0.430220273090526,7.26782271311694
0.885599259054288,0.249520890647545,8.21948186867851
0.518561993027106,0.697721171425655,4.62309628098453
0.733994483482093,0.409725922392681,10.5324457153684
0.688805350800976,0.866957180900499,5.02094674506573
0.178723719203845,0.481474495492876,0.993979933533159
0.620389295276254,0.96913310023956,6.52139998744579
0.417258339002728,0.283141852356493,5.94801461511815
0.0245182535145432,0.570924295578152,1.68125329341394
0.458271131385118,0.268512380076572,6.5893919102299
0.199705936247483,0.862663694424555,1.71570442579272
0.871937518240884,0.442041467409581,13.4514935628875
0.373663306236267,0.000181973678991199,7.1283870145116
0.951188483275473,0.0766158837359399,11.734970930019
0.500558354193345,0.0630420406814665,4.45222638383222
0.136058896547183,0.139892898965627,2.20361800474718
0.0711941171903163,0.177533232141286,-0.17400567476381
0.366349217947572,0.743008099729195,3.94207936540706
0.215276734204963,0.218915353761986,2.00528955897118
0.949557032901794,0.813410208560526,12.3667976248232
0.226512439548969,0.664111007004976,2.35917237962788
0.492493619211018,0.472206139005721,4.3073813525409
0.134991914965212,0.0886092304717749,3.92276702866858
0.269368404755369,0.746955137932673,4.83349046061933
0.550488923909143,0.222831046208739,8.40716473263733
0.408004881581292,0.326215462991968,3.63657354907108
0.733540016924962,0.166272167582065,6.46797677174681
0.121282307198271,0.0397715338040143,4.28781382245949
0.385556338354945,0.666376855224371,4.65004526987974
0.147317305440083,0.758836156921461,1.76977878277976
0.565891661215574,0.264290681108832,8.25395019912963
0.0539984619244933,0.823027201928198,0.861114031566994
0.302264388650656,0.0613166005350649,6.04260164420615
0.808946791104972,0.663071087328717,8.72680151565985
0.802645941963419,0.14542154665105,7.35051924642879
0.676777968648821,0.666516639059409,7.55793428441784
0.755826522130519,0.756927687907591,5.90562622786001
0.208514592377469,0.684533389052376,0.386611080850048
0.567615248961374,0.420184511924163,4.6271251793799
0.954055411508307,0.897011455148458,6.62560620578251
0.330160801531747,0.300048252101988,4.13125946893362
0.935734841041267,0.616409777663648,8.11055197134173
0.278693014988676,0.374957005726174,0.885908494600504
0.272242818260565,0.633673465345055,3.21380233113407
0.511430108454078,0.70068118837662,6.89596789531301
0.731709153391421,0.329984393902123,7.27234085283297
0.62910608202219,0.913610455114394,3.58541724269913
0.283067206619307,0.846341725438833,0.221635738147497
0.391341573325917,0.027468798449263,3.02383121385604
0.0446030241437256,0.152912137797102,-0.673958060085398
0.925730412360281,0.766400819411501,6.30870284794544
0.41487024538219,0.399713983759284,2.64348052176332
0.301573116099462,0.880811856361106,1.26330779589418
0.455987923545763,0.22307818219997,6.34735692505454
0.00266905757598579,0.523676122771576,0.330348014027016
0.601038994267583,0.413076487835497,7.96525563832639
0.278582111233845,0.757889753207564,2.63815679907865
0.261975484667346,0.956957765156403,3.87270010972794
0.887029637815431,0.464004856999964,7.82309122394903
0.548975767102093,0.0309038483537734,1.12321867468322
0.216310515068471,0.152797075919807,-1.16765085914163
0.493748803157359,0.579184287926182,1.57403936012555
0.623733712127432,0.153560083825141,5.41329477990592
0.249844382051378,0.689852297538891,0.856186632241492
0.729418291943148,0.243814201792702,4.04165392745074
0.284155621659011,0.823955512372777,1.93963577787539
0.0976564174052328,0.842056582681835,0.241423079199498
0.0348613241221756,0.616783231729642,0.138706362193302
0.304875266039744,0.407299331622198,2.05664694114264
0.516543064732105,0.467425078386441,1.46640258392731
0.862217413727194,0.754757567774504,7.7054512588289
0.688310552155599,0.170875302283093,10.9837243053044
0.883962643798441,0.200404398608953,10.7358989429011
0.817187665496022,0.384944035904482,3.78840196005942
0.971665092045441,0.179275695467368,7.63847982471267
0.550145387882367,0.85925425356254,5.80658240574186
0.237795590888709,0.758473248686641,1.7758786639672
0.311757973162457,0.213512293994427,4.45882154277103
0.530237948754802,0.650512524880469,5.02019082753861
0.310228385496885,0.492723571136594,3.53666679601871
0.800589840160683,0.719184577232227,6.3804157788403
0.797255843644962,0.282195691717789,5.59856719937048
0.511780402855948,0.937904985621572,4.59538235979826
0.294223576318473,0.105469341389835,2.22555787603748
0.727407141355798,0.788682500133291,5.92366378997419
0.916137780994177,0.385594508843496,12.5146751430732
0.346405255841091,0.235124677885324,7.16922539369026
0.271012338111177,0.55300428904593,5.03650858379217
0.00665359920822084,0.811754127964377,0.327127476297802
0.0388696265872568,0.551933696260676,0.952380340699974
0.59079644549638,0.668647038284689,4.63705055920815
0.251004665857181,0.311905268346891,4.14330481439264
0.603335177293047,0.129133301321417,3.28108105380527
0.00929485587403178,0.443446615710855,0.370621298650075
0.0706004474777728,0.935869380598888,1.8212525507023
0.508503961609676,0.557354316581041,3.02717826456071
0.334660591790453,0.245450361631811,3.50208220240008
0.689016247168183,0.60360801499337,9.87287070473351
0.498793179867789,0.00819568382576108,1.73121588145193
0.573983968468383,0.510146934073418,5.91457127742257
0.969711781712249,0.633689914830029,11.7899081792667
0.39225515560247,0.745406397618353,1.40344994777675
0.527899742126465,0.00134694157168269,6.76333817691226
0.627953353337944,0.656380973523483,3.62878874842989
0.0506137977354228,0.215961873997003,-2.12632116311909
0.24276166735217,0.969892366556451,3.39872781029901
0.0991059027146548,0.401060993317515,1.75505028123647
0.653149575460702,0.380314799025655,6.06093810397939
0.729786595562473,0.942378040403128,6.99057410642506
0.453824594151229,0.310802587773651,6.36369540511673
0.0152219741139561,0.356466642115265,1.06956433211181
0.137216093484312,0.649866043590009,1.30321205606498
0.952427195385098,0.55812444165349,7.565861700997
0.146944718202576,0.0524375962559134,-0.582111503446908
0.332549034617841,0.412870553554967,5.02192466109181
0.487487960373983,0.139909959863871,5.43335783206789
0.7666830571834,0.6465221690014,10.6090246989402
0.831462981645018,0.282272001961246,10.0019157257465
0.66168984817341,0.0850646174512804,4.54282912959097
0.946870067855343,0.40741978562437,8.80742128033595
0.288145676255226,0.0516360984183848,0.0681201389059458
0.550211558816954,0.274442399619147,7.12324860073431
0.527550584636629,0.502352669835091,8.00962030194742
0.323751651449129,0.602847470669076,1.81270900339142
0.33047930453904,0.471648038597777,4.33890509745948
0.974499419331551,0.801462245406583,6.30977414988915
0.581107632024214,0.412977760890499,7.05164937413107
0.22367271897383,0.732026306446642,0.335100395060663
0.260390400188044,0.909393089124933,2.29027571318549
0.353991653770208,0.539918611757457,0.635372894641229
0.138651259010658,0.73426010995172,0.0161067569392164
0.960614743642509,0.839496273780242,7.29528865866836
0.291629310231656,0.562417889013886,1.69248806542816
0.00322026596404612,0.438734129071236,-0.710962059626621
0.37069423426874,0.886304761748761,5.31641264438613
0.109293367015198,0.983072972623631,0.912666160097598
0.220919108716771,0.215688472613692,4.75452076274085
0.606001552660018,0.533614229178056,4.07338672624389
0.562577855307609,0.540130101144314,6.52213340469908
0.0852284485008568,0.425114059587941,1.34796380857922
0.950488623697311,0.0888368599116802,9.88771937382827
0.88738621538505,0.754262832924724,7.55362878730152
0.603720851475373,0.909261467400938,4.92296061886456
0.288358852034435,0.704644619720057,6.32872992694148
0.0145601201802492,0.246174677507952,-0.694879959231035
0.838257915806025,0.805211545201018,7.86041610438908
0.141781913815066,0.719278789591044,1.56694658390735
0.702966769225895,0.880821756320074,8.0070216750447
0.700603449949995,0.239370251074433,4.54201000053251
0.898046278627589,0.29211512580514,9.24779084904835
0.940143286949024,0.913897265680134,10.7524454093945
0.870800234610215,0.289752046111971,8.94231679238348
0.137378359911963,0.848877688404173,1.74787995806721
0.442113722208887,0.388913701055571,4.13309436956896
0.284983333200216,0.637477872660384,4.4682547250204
0.230732346884906,0.801030481467023,0.878366386018186
0.260251919506118,0.441297730663791,4.46026469290352
0.712989988038316,0.419000623049214,8.24544397788268
0.371695256326348,0.668583387043327,2.16204425555785
0.868996402947232,0.668763055698946,8.43922841195388
0.908674592152238,0.37371895252727,7.43818139868692
0.871814233716577,0.905277422862127,7.85534987506754
0.672623821767047,0.439663822064176,3.92740533524649
0.224545345176011,0.0356203860137612,2.31315917524627
0.512605422176421,0.844760735053569,4.463892478755
0.426217282190919,0.358755267458037,4.63547451881619
0.873619971098378,0.285776054719463,9.7513213717696
0.353892685612664,0.687499216524884,4.54979578418529
0.55184063129127,0.976019194815308,6.40251588099189
0.161634426563978,0.777680583763868,0.358913565993808
0.0957861458882689,0.184200126444921,1.20972762379891
0.686783642275259,0.662632021121681,8.87660876981825
0.372369584161788,0.0476228836923838,4.03000854199249
0.647597011877224,0.794916099403054,5.80194033825389
0.877452209359035,0.880927168531343,7.62950503083741
0.429083408089355,0.993376428028569,7.22614874260524
0.0117029803805053,0.334047343581915,-2.86339887471034
0.186765495687723,0.600645912112668,0.165307507583568
0.361908561550081,0.253460258012637,1.79059260558739
0.814372073858976,0.393732185475528,6.60911441562082
0.903694787528366,0.686542620649561,8.1273434796661
0.588627108605579,0.260026412783191,0.882864414041117
0.882468942319974,0.5957609876059,11.975166077898
0.672286880901083,0.294963983818889,7.90527977336603
0.281329380581155,0.188244095770642,-0.741386627740797
0.105947816045955,0.940507282037288,1.22407649678151
0.060052303597331,0.16758349374868,-1.40761149749084
0.724772173911333,0.811753091868013,7.60147090239127
0.573275684379041,0.885441376827657,6.98508705071709
0.888654532143846,0.235979405231774,7.85573572570256
0.925696034450084,0.799835060490295,10.2042700524069
0.339670796412975,0.98424585768953,4.13832489790316
0.0638504067901522,0.440504873171449,0.157479140228831
0.772816058015451,0.73792258859612,10.2697673509637
0.566113983513787,0.179889083374292,4.39621253566107
0.326824864605442,0.878094892948866,5.04964180400638
0.434600685490295,0.797440293710679,6.14340291953758
0.637454874580726,0.558527193497866,4.44662047427709
0.752681222744286,0.315115745645016,11.9695269014006
0.243551250081509,0.717588879866526,2.77960285004756
0.387896994827315,0.343516961438581,3.22335150813318
0.0611859981436282,0.302569354884326,-1.18837044203849
0.550228748004884,0.360537200933322,4.33692863999907
0.499919033842161,0.818404634017497,6.02682327855589
0.0803310952614993,0.757578954799101,1.37935758606783
0.0104884423781186,0.374279010575265,0.266474060647712
0.74589663837105,0.396377510391176,6.7153888360106
0.48952480382286,0.327045174781233,5.53586062356636
0.906469827285036,0.142936526564881,11.8469186539796
0.709360269829631,0.697029519826174,6.16435673035039
0.204851791029796,0.779619188979268,3.27991266681137
0.483530394267291,0.984190900577232,2.04338224140626
0.235357094788924,0.0443950779736042,6.09831645676073
0.257309522479773,0.416689110221341,2.44160290329034
0.205774774076417,0.689260193845257,2.21820840126845
0.851664321031421,0.613347630947828,9.29529724417592
0.195744979195297,0.637723190709949,0.323771150487576
0.455974157433957,0.780086995102465,2.31715219263687
0.0986469376366585,0.0119892994407564,2.63587060126426
0.16976563539356,0.817292270483449,-0.956004516965515
0.844851171597838,0.352519653737545,11.3499750140485
0.114216444315389,0.0459933425299823,0.55503881556845
0.0852208060678095,0.871317366603762,1.68074036179757
0.315785136539489,0.243620403343812,1.5039634704152
0.70985415764153,0.163377221906558,5.55480755658322
0.325478720245883,0.500887740170583,-1.12805824350538
0.915988115826622,0.281940441345796,10.5915022650661
0.251808017259464,0.955969976261258,2.23404579627208
0.574907032540068,0.0670101763680577,3.3430579915152
0.810393866617233,0.291767031187192,8.01368615983322
0.417703980812803,0.651898185489699,5.33055654329954
0.498744688462466,0.845689608482644,4.59591541005719
0.0810980955138803,0.549767799209803,0.707664122826389
0.689672915032133,0.366983000189066,6.00280368667591
0.27144668227993,0.482797504635528,3.31432938125644
0.253537178970873,0.410556953167543,2.07962388737962
0.601364045636728,0.0453082576859742,4.62567279141941
0.402527306461707,0.803658250253648,2.63926797337549
0.6781124798581,0.815283572068438,8.65222473687778
0.0702539493795484,0.784141205018386,0.605499827058489
0.489603226305917,0.828985162079334,4.77561318005939
0.489434753311798,0.726675037527457,4.39026980201415
0.610677166841924,0.978629190707579,3.88901088865128
0.713458260055631,0.626962451031432,4.79044078078735
0.31637894292362,0.905179426074028,2.29629561623826
0.0888987635262311,0.513455779058859,1.21414327985557
0.0892334606032819,0.328762198332697,0.686020907289659
0.286505161784589,0.0484598944894969,0.886606585745052
0.527246956480667,0.689971634885296,6.6913388902604
0.931318101705983,0.284555933903903,9.77167533756383
0.117845585569739,0.544057249091566,1.32962392141926
0.207317869877443,0.248209102312103,0.276785695931533
0.441605597734451,0.966252307407558,4.82883648201589
0.967069587903097,0.232807620894164,12.0948503807438
0.963297121226788,0.639019428985193,10.2921166337378
0.223302783910185,0.602030778070912,3.47064382753912
0.01401661708951,0.053518766304478,1.99258615189707
0.132064489647746,0.825537941884249,1.64867077915221
0.623211625264958,0.702199198771268,5.22632730690901
0.847032879246399,0.706870473455638,3.89840368357707
0.931204103864729,0.830814846558496,8.22176943614382
0.280044578714296,0.319562535034493,4.4858689909313
0.865823413943872,0.27438880270347,8.81487100349618
0.922434160253033,0.576634316472337,10.7931439274205
0.471642806893215,0.0600180060137063,3.68892354757243
0.315524200443178,0.229280194733292,4.65920213522124
0.946335915476084,0.592858459567651,8.66726395484785
0.358551871962845,0.0781015891116112,3.1787048425633
0.891609904356301,0.574195721652359,10.4915232749706
0.0293272288981825,0.526578750228509,-0.00210948416731566
0.794293866259977,0.283842229284346,5.90010481183455
0.338518268428743,0.723188264528289,5.2923249567332
0.479304549749941,0.603689100593328,4.43079477645647
0.759718612534925,0.0603316724300385,6.34725813636038
0.920728832948953,0.685764125315472,10.9340322653513
0.573900172486901,0.378480378305539,3.55513761381462
0.85380201949738,0.854639844968915,7.35440191522354
0.375023067463189,0.697583980159834,3.84510960193707
0.572282931767404,0.150412434246391,3.97918899388947
0.612000369466841,0.223526020767167,3.39158957120911
0.606282020686194,0.30011049262248,5.73412764265275
0.065112370532006,0.249966667033732,-2.26423174270574
0.381143776699901,0.18190004886128,5.47746759915005
0.839029548224062,0.653101780451834,7.86495112254034
0.352833733893931,0.944264280376956,2.66805500695719
0.355190345551819,0.928912705508992,1.43998781438936
0.271410501562059,0.972896703751758,0.98911557328924
0.594025511993095,0.992453288752586,4.57477081433427
0.810226808069274,0.847285606199875,9.61290278968529
0.386016756528988,0.997316382126883,4.26248021530272
0.452179621439427,0.397417858010158,6.0104164889745
0.511766094481573,0.582265702076256,3.56818268964644
0.57560059777461,0.827598616015166,5.07561235748229
0.347114813746884,0.428251387784258,5.43227126797696
0.880611270433292,0.549868614645675,9.85761887464546
0.520572550361976,0.792828742181882,5.53349788442036
0.224811757449061,0.905528187984601,3.65355207332624
0.245635965140536,0.114442956866696,2.68794991915553
0.92608356801793,0.392677133204415,6.7095569368684
0.442391737829894,0.918821108993143,2.7519928137001
0.458463140530512,0.447060809237882,5.77066031399806
0.184823551215231,0.366226130630821,2.55292254467725
0.232084214687347,0.136034949216992,1.53061067293583
0.996702389093116,0.415329701732844,12.8131837990593
0.455480324337259,0.455991552677006,5.32556310727061
0.681133700767532,0.833746886346489,4.28465120779022
0.575850167544559,0.501874886685982,5.18913900126909
0.470025156158954,0.694708436494693,4.19475593290876
0.236487288260832,0.622368762968108,1.48152953797358
0.846968106692657,0.751181930303574,5.83782199301903
0.930530310142785,0.488656074972823,3.86311129564692
0.54049226292409,0.97976432275027,4.76403680105203
0.728730010567233,0.846432813210413,6.87240644290496
0.464701527962461,0.917748838663101,4.19521640528465
0.366685780696571,0.442463029408827,1.95875043415527
0.719510201597586,0.729400219861418,5.58742230589294
0.60438039037399,0.866069448878989,4.82329317304497
0.563547034282237,0.924912882270291,5.10095890188494
0.0495278360322118,0.184004771988839,2.77242406555752
0.374683756846935,0.743607104755938,3.67091075772157
0.611515816999599,0.758081237785518,8.90069967914641
0.658568802056834,0.291614670772105,7.58790706240216
0.377745897276327,0.101337974891067,1.5736876789234
0.407182324910536,0.911120745819062,4.42587486665007
0.405401280149817,0.454857358243316,5.33353431976001
0.672841623658314,0.413542600814253,6.22828630501563
0.178166934289038,0.249309079488739,-0.886842525916335
0.0772371380589902,0.582602065987885,1.55847039702058
0.557339021470398,0.20739056984894,9.23872361944071
0.0751604351680726,0.912270372966304,0.170354533823237
0.0304907341487706,0.0345842272508889,0.326019474792846
0.681984739610925,0.955021634465083,7.50122234246083
0.049439680762589,0.770323166390881,1.06710329357101
0.703931428259239,0.793806338915601,10.7835167916348
0.898858122993261,0.527318240376189,8.48799085370513
0.967872367473319,0.0577594668138772,11.1280344709977
0.265981598058715,0.890432492829859,3.36717054310529
0.287220969330519,0.95353263639845,2.82850609882729
0.197885040659457,0.359505356522277,0.325185022563802
0.790600821143016,0.598354984540492,10.2528652725036
0.0114992747548968,0.0426974229048938,-0.0390480219150993
0.803262206260115,0.305244484916329,10.173086974187
0.74764154991135,0.750305825145915,10.0577033583883
0.323398234788328,0.0626666180323809,5.3216940247703
0.511075898539275,0.0709107704460621,5.68023884906859
0.174936279887334,0.0749131510965526,4.02732870031594
0.064109290484339,0.191258622799069,-0.731135849917867
0.726826553465798,0.856580899562687,5.59069930828285
0.0893329379614443,0.674254393903539,1.39103391026279
0.147111969534308,0.520154461730272,0.30822912141479
0.698149311589077,0.278065046994016,8.47861048377705
0.163236773340032,0.389261867385358,1.50934320212222
0.877015637932345,0.913808524841443,5.52906183693564
0.521331115392968,0.310663782758638,3.86383894733113
0.758442395366728,0.719230107730255,7.523001310419
0.651501570828259,0.768108274322003,9.42729759300731
0.64875644701533,0.20130637078546,7.66103648246555
0.0294890557415783,0.155968137318268,-0.93696634018463
0.864443418569863,0.842402554117143,11.7483257512271
0.154732731869444,0.359331744723022,0.569389774401287
0.416721325367689,0.444755059666932,5.46527633857671
0.15985674969852,0.563467140076682,2.98963226766348
0.735514703206718,0.61186656774953,7.90219378936751
0.806889032013714,0.660472692921758,11.4127778859312
0.185655121458694,0.597400004509836,2.98002919866323
0.545790187083185,0.0459593213163316,8.77142654217632
0.018967785872519,0.481268407544121,-1.02731497527688
0.512872526887804,0.901353281224146,5.54233445476147
0.741493086796254,0.998487002914771,6.61782243174874
0.657063958235085,0.179457020480186,7.51018010448476
0.0458336495794356,0.847014781087637,0.355900285963206
0.010318094631657,0.294046360068023,1.34405420485598
0.890269093913957,0.521046097390354,9.48271365969893
0.304690748918802,0.0336886954028159,3.44168511186849
0.231296831509098,0.239909662632272,2.65833211590723
0.5092257570941,0.0274516162462533,1.19380257355896
0.92430338379927,0.24960051313974,8.74867732334773
0.934903166489676,0.0743176427204162,6.07979807073186
0.0817464848514646,0.175080285407603,1.39289835077618
0.579945194302127,0.889506153296679,7.06363556643203
0.640101155266166,0.346653314307332,3.0131905014711
0.423696478828788,0.36765722068958,5.20018107866351
0.922668786486611,0.532754692947492,9.89708221639818
0.704083448508754,0.182748188497499,6.60886832426014
0.00823840335942805,0.757607736624777,0.505320418431276
0.345581723144278,0.201325522968546,3.61732674769132
0.762834223220125,0.631159261567518,8.5885795683173
0.423129916889593,0.0291422023437917,5.91570405730069
0.1573882822413,0.637216402916238,4.80332527293107
0.790740716503933,0.248983788536862,10.1775106636901
0.811584662180394,0.872303407872096,7.23764918267469
0.626658651512116,0.807244827738032,6.21005241843202
0.968570384662598,0.793351117055863,9.87166005707643
0.455983540974557,0.615380947012454,5.14673241002568
0.699734644265845,0.399591783992946,6.50581553712041
0.40810701274313,0.107113031437621,6.21313158563728
0.985588669544086,0.794823945034295,9.87895703032007
0.970296856947243,0.548823767341673,8.08957268451877
0.0614207263570279,0.270890941377729,0.381999684598721
0.0978724625892937,0.70198563230224,-0.420579821140722
0.248571458738297,0.982303316704929,1.87841656400706
0.473587920656428,0.562948005273938,3.87338461260629
0.654958341037855,0.69552880176343,5.23930889696488
0.0617344137281179,0.327063666889444,-0.493285935129166
0.124392816331238,0.393501265905797,0.242070132096008
0.78068534261547,0.678640886209905,11.2605142282514
0.706482054665685,0.288710177643225,3.19551024325058
0.973029484972358,0.534473300212994,12.376855134053
0.207388184731826,0.027071044081822,2.65925749918869
0.108725944301113,0.912925278302282,1.17708812218563
0.253449305891991,0.813245378900319,1.32874798600262
0.432865224545822,0.683243845356628,5.75937557713019
0.423329921206459,0.131173992529511,5.43376330438547
0.894579507643357,0.048784740967676,9.21865858707201
0.985461053671315,0.988005440216511,10.5121880308759
0.688197643728927,0.774658207781613,8.27094397391702
0.550478267250583,0.0871915007010102,7.04099452556571
0.0383532056584954,0.157605504151434,1.74968598412697
0.772218171972781,0.813306810799986,14.8103694325211
0.151550253387541,0.103441881015897,1.02275166240035
0.0680907499045134,0.822604244807735,0.959860031143103
0.644396136747673,0.765204517170787,9.14190753999053
0.558127180906013,0.974973679985851,5.35300416600004
0.517388610169291,0.258012666134164,5.39809154782248
0.682544654933736,0.432833039900288,7.02060387264068
0.232805296313018,0.246520463144407,2.6296576723003
0.329575318377465,0.172585007501766,3.96290956204376
0.309572238475084,0.614525840617716,3.65393717165871
0.497853822074831,0.282468693563715,2.68871952428198
0.970520867733285,0.220981821650639,10.5314419776836
0.668251680908725,0.88871538406238,7.2468794482981
0.702486448688433,0.826815942768008,6.51057653029361
0.310160928638652,0.660473033320159,1.3537045517764
0.96629799483344,0.237505088560283,5.89807219618659
0.224492377135903,0.040245542768389,1.30868315678637
0.0255398112349212,0.678972280118614,0.308155316327774
0.705419617006555,0.76401504362002,8.56228197572612
0.455442084698007,0.897263294318691,5.72590289756834
0.801441520452499,0.958351858658716,11.142442540563
0.525289826793596,0.675693154800683,1.54579068598443
0.631221800809726,0.62195844296366,5.71895564016241
0.582851852057502,0.182777801994234,5.4766815979285
0.352295037126169,0.855143409920856,2.8947184653484
0.982483415398747,0.520943348761648,12.1865210431429
0.140299748862162,0.664346757577732,0.43653802299794
0.661646962398663,0.419460134813562,6.00495396759816
0.735852085752413,0.164603389333934,5.64655222865736
0.0757453409023583,0.898693739669397,-0.0631616434992721
0.383748953230679,0.887203715974465,3.9736589362787
0.556252131937072,0.0956021226011217,6.80816292589541
0.659795510116965,0.784896416123956,7.27680706402226
0.948100279550999,0.638710546074435,10.1523611720857
0.564562836196274,0.707026587799191,5.86701534071381
0.835634463001043,0.0848399894312024,6.18601557096107
0.705110306851566,0.0457487613894045,6.44447154377454
0.987579071894288,0.127069717971608,12.0920941327411
0.995222085621208,0.173712631687522,13.0093391293651
0.684180028038099,0.433553815120831,5.50771432911955
0.400602955603972,0.99082878488116,4.45190164929706
0.685477586230263,0.727746014250442,5.58377433833503
0.127708846936002,0.634173467056826,1.50483707635435
0.620856725610793,0.349999502301216,4.91631090409936
0.0236475705169141,0.08823750494048,-1.22479362258389
0.0991402310319245,0.0960051950532943,-0.716013671696911
0.96286069159396,0.539457863662392,8.67879184515877
0.480071328580379,0.500739437527955,6.54630302563735
0.615111937746406,0.929498669225723,4.73867778636445
0.638782457215711,0.982150295982137,6.0683291193039
0.181378000183031,0.398483457276598,3.13819883409402
0.331928911386058,0.275848652468994,2.35690451846983
0.349941265303642,0.665153255220503,1.92112682310353
0.599400810431689,0.812334835296497,6.74556508661248
0.96859205304645,0.749801294645295,8.36372180684954
0.957272758008912,0.0189646438229829,8.17873268715243
0.572250530822203,0.55293640983291,3.94354673497095
0.452573921764269,0.875409086467698,3.52057965171267
0.0915560820139945,0.583951298845932,1.74555232404572
0.0239278941880912,0.928341633407399,0.389551909399951
0.365268904948607,0.644899770850316,4.72347240686324
0.0697484270203859,0.382668058387935,1.04782431333904
0.352977708214894,0.575776015873998,1.59985040945144
0.317886043572798,0.701941182138398,3.80601635825372
0.280107308644801,0.476018976187333,0.630332980281933
0.00918020261451602,0.632705973926932,0.203682286751247
0.617062299745157,0.987355079734698,8.36161432827575
0.508207574021071,0.931787547422573,4.31201024720752
0.768559226999059,0.329027019673958,9.33797510839431
0.416833419818431,0.216279646148905,2.1284498845203
0.687104233773425,0.0677119507454336,5.3194576815714
0.953680014703423,0.146537625463679,11.9603938412656
0.923578155459836,0.341914100805297,11.7196288167392
0.0652790621388704,0.424795915838331,-1.15727659654096
0.808193389093503,0.275614780373871,5.53313613186834
0.825940047390759,0.421789170475677,4.22477812064393
0.718790156766772,0.754648397443816,7.68286279556817
0.143102322006598,0.329709538258612,0.533432407426429
0.675401805201545,0.0516005631070584,6.40106365164398
0.570215822895989,0.730835899943486,7.73095536526342
0.613647576188669,0.276583862723783,7.43906140415365
0.388399646384642,0.508374537574127,4.76207576675627
0.935653080698103,0.717360799666494,11.719113732176
0.650683257030323,0.759907433763146,8.09201832202974
0.613690032623708,0.670890009496361,1.05893797536292
0.336746445391327,0.972810780396685,5.54655079286673
0.949040934210643,0.750346029177308,6.87608201801836
0.252956615993753,0.284870018949732,1.83236769950152
0.947429988300428,0.16627682116814,10.0859681801841
0.459698879392818,0.524109622230753,4.45470315610096
0.565392974065617,0.268133305478841,7.99056313575393
0.370127524016425,0.154744062805548,3.61267742415566
0.470479188719764,0.579367333091795,5.85736718362116
0.798767290078104,0.128204973647371,6.80211634555703
0.154840710572898,0.458324513398111,-0.139644647775458
0.415053186472505,0.644159591756761,5.85236615829842
0.863099020672962,0.555987560888752,10.509097427329
0.127892869524658,0.845514120068401,1.74742543428115
0.14323750208132,0.881846664706245,-0.164552870995595
0.804437040816993,0.302936750696972,8.88823383119661
0.0866453321650624,0.448974256403744,2.99563262102253
0.544814664870501,0.980366692878306,7.45635608885439
0.615282922750339,0.79566890723072,6.9058791900385
0.503575782524422,0.763585414504632,5.72525165135905
0.657143402146176,0.114406573120505,3.43422329927309
0.961518589640036,0.290124468039721,9.79549596923601
0.488504597451538,0.777805694844574,5.55604808999562
0.785835114307702,0.948949081124738,7.95750928536711
0.8803109920118,0.359244548948482,9.43423254377372
0.611067526275292,0.172218071762472,7.97238875067791
0.421755249844864,0.764687522081658,7.39154351984147
0.324657483724877,0.239078862825409,0.969597468782267
0.995455900207162,0.421733119757846,10.7592839189624
0.154386102454737,0.563079379498959,2.23435615774905
0.851719210390002,0.892177166417241,8.72326775687562
0.702641556970775,0.772454400314018,11.1842942351845
0.447112481342629,0.247849381528795,4.57648610263102
0.67609029286541,0.983965711668134,5.44709838318875
0.125157532980666,0.802238653879613,0.704530631849682
0.780253892531618,0.0312812929041684,5.06723485409345
0.829993079183623,0.15326404874213,4.95006056690494
0.293864276958629,0.357126373564824,4.29986670994242
0.0653454808052629,0.965095381718129,0.888930314703941
0.750013525830582,0.307522965595126,4.24882738553063
0.137447574874386,0.379583806265146,2.02069396207775
0.262952597578987,0.308930003782734,-0.759749408904007
0.206742068985477,0.788522662827745,2.39371199865513
0.861734979087487,0.588139161933213,11.0923741784967
0.757352958666161,0.990782958688214,6.64843952750489
0.982561758719385,0.0647632973268628,8.55300607812616
0.858932919800282,0.977562305750325,9.53139874623367
0.579394557978958,0.465913344640285,0.835530348208954
0.754688178887591,0.906053909799084,9.99447946748571
0.0529064980801195,0.222520058508962,0.922895314687738
0.179900397313759,0.766530176624656,2.82181684096989
0.57006509671919,0.89803748507984,5.10400468467004
0.0537723724264652,0.0742717410903424,0.210975113954689
0.48705635801889,0.192553368629888,8.92145320052284
0.199831066885963,0.895633483538404,2.92485925882969
0.298475629184395,0.784349983092397,2.24880760243623
0.075209419708699,0.426415920257568,1.47365251466221
0.889487808803096,0.334042992675677,6.34472515854944
0.468171404441819,0.835998750990257,3.67562817486681
0.837938940152526,0.898971988121048,7.55503126216102
0.929756226018071,0.639409326715395,10.3301125852595
0.249878854490817,0.175765745341778,0.763116555416643
0.622165019623935,0.137040831381455,5.86674999584609
0.504718900891021,0.318213841877878,1.97623371351625
0.831553021678701,0.0193064287304878,14.0768201479647
0.695633156457916,0.828828222583979,5.14899319961046
0.675731684081256,0.979498283471912,6.23177687002119
0.224146372871473,0.599388207308948,1.19893226269561
0.992570821661502,0.665278666652739,8.24039591234324
0.370628942502663,0.773109711706638,2.66785700010587
0.919598249718547,0.801821887958795,4.71688114761852
0.692845512414351,0.656779547454789,6.25311811465832
0.326343256980181,0.972611740464345,3.04275252104994
0.354217644315213,0.294889682903886,4.38691565517818
0.634218520252034,0.888076136121526,5.97632809318403
0.16838851897046,0.89108745730482,-0.490493424790837
0.26322200614959,0.494116452056915,3.23354895247822
0.507224613334984,0.376067811157554,3.54999743533261
0.377033815719187,0.67684542061761,2.50620563759475
0.843067382229492,0.269217533292249,7.23849096550272
0.953472631750628,0.649669587844983,10.4498235163403
0.77561092376709,0.588043218944222,7.05186735432666
0.0672393201384693,0.10612371773459,0.389041674907241
0.299115668749437,0.887859351234511,0.988800250225661
0.554434332996607,0.0585074420087039,2.82044935734128
0.204729384975508,0.666105518350378,0.780613387143485
0.0166717735119164,0.743248889222741,0.0698634738870779
0.192514358554035,0.147401518421248,-0.726434650025654
0.117202543653548,0.237487472826615,-2.16504582971188
0.615888949017972,0.850685941288248,5.34669059563047
0.836635893909261,0.588721537031233,7.59014027954503
0.822956309188157,0.0368350178468972,8.92441209885865
0.837405260186642,0.59446879522875,9.6104035354063
0.127631352515891,0.152929444098845,1.22652187806824
0.308628597995266,0.676047543529421,4.35051450788125
0.286688764346763,0.369809587718919,5.81532053383943
0.972357626538724,0.477795553859323,9.06810188451666
0.310251560527831,0.910764976637438,3.8790181531273
0.123130414169282,0.860983034363016,1.19643464165945
0.18411045987159,0.0463449994567782,-0.647753214608471
0.847065109526739,0.455279108136892,7.7812650954758
0.463697661878541,0.798496655421332,3.20898093352025
0.910869412822649,0.64221825893037,8.09400225237948
0.971104766940698,0.65003935014829,7.9388264921111
0.630557792028412,0.90623590326868,4.46481226773231
0.0561527805402875,0.521895754616708,1.16501917476011
0.070095541421324,0.709527899511158,1.61929690053827
0.170212867902592,0.715416051680222,0.688396039764714
0.150399077916518,0.826795076252893,0.0266624508342168
0.376689726719633,0.244166957447305,6.4176143262675
0.0878214682452381,0.411299800965935,-1.55486125048456
0.152794776950032,0.186818696092814,0.852070974529374
0.799434502841905,0.0999465524218976,5.19870392514686
0.0544806614052504,0.0770984571427107,-1.70082400497316
0.341944605344906,0.803131800377741,3.9219117445712
0.949892114615068,0.405996802961454,8.21805826017222
0.0826422998216003,0.411090324399993,-0.956623799431973
0.245802519377321,0.861134183593094,1.76358964694791
0.458193302154541,0.602832220494747,4.41719899889792
0.492413641652092,0.454615218564868,1.0017896684984
0.82503481162712,0.220929333474487,8.291359803975
0.262423611944541,0.608225169591606,0.859172847208261
0.616884426912293,0.776180929271504,7.87331558004917
0.48784241382964,0.0562731428071856,6.83395141121588
0.973341120639816,0.0523937549442053,12.2930054990985
0.751882025972009,0.743325436022133,7.99220562180829
0.212414177367464,0.953540483023971,2.3987880391631
0.197443307843059,0.0839876953978091,3.62774152361133
0.937956920592114,0.497948256321251,10.441204269895
0.923813284141943,0.189794118981808,6.99061459577732
0.0723050411324948,0.845664026681334,1.68675975469294
0.111854621209204,0.519314916571602,3.20019634465263
0.699793739942834,0.179493289906532,9.52317138945399
0.0126493519637734,0.223781222477555,0.184702737915002
0.865373036591336,0.122142718173563,4.43791923194126
0.275267301127315,0.901860111625865,2.54770306172821
0.220452657900751,0.652002666378394,0.294277931956009
0.515987789258361,0.194747620262206,4.45519158761642
0.938649473711848,0.314040322555229,8.44237115805146
0.553274560021237,0.695369408000261,4.99105913182613
0.993223966332152,0.7853116649203,9.353550308988
0.759511561132967,0.913448746548966,7.4037630800731
0.0207585108000785,0.533304665004835,0.0399536787907532
0.758122513070703,0.425249456427991,7.2312933385593
0.857854152331129,0.61584620247595,10.9474537647945
0.302141301799566,0.284997845999897,4.3622619298443
0.744375122478232,0.711556842084974,11.6449379825914
0.926674674497917,0.685801825486124,6.76867166350613
0.0618089311756194,0.487418085802346,2.24948549587557
0.620275014080107,0.140760540030897,9.25807686783071
0.212874418124557,0.910225258907303,3.36319415688902
0.730878285132349,0.586112866643816,3.25718204603675
0.360006741713732,0.570360054261982,6.8084557432039
0.214778164867312,0.817562852753326,1.001572574748
0.520989020587876,0.964764297241345,5.06283773885529
0.743162886239588,0.611979693640023,7.36471011950799
0.777845137519762,0.224931567441672,6.95529644667472
0.940604092553258,0.558110213372856,8.29850182084662
0.422519742278382,0.706762003013864,4.67405674864314
0.890598597470671,0.0945703329052776,7.09971187283786
0.0156915988773108,0.609432483790442,0.403476569609551
0.493594447150826,0.0168575888965279,4.7027243514298
0.0705995217431337,0.607961137546226,-0.47454474923421
0.735837924061343,0.15976639976725,9.96500864620479
0.834548930171877,0.179492788854986,6.35821343829218
0.985775823472068,0.899918812094256,10.0419719182484
0.453469053376466,0.549016091506928,3.43853366726565
0.366676368983462,0.82806382747367,3.30151457289565
0.477703530807048,0.0362269573379308,4.55603816804098
0.577581762569025,0.121405385201797,3.642092192654
0.938937688712031,0.713838376337662,9.08046766659831
0.860087701119483,0.698551471810788,14.7284028499994
0.155346172163263,0.529573245672509,3.53769484135686
0.643850335618481,0.228399439714849,6.55169078932027
0.936435847077519,0.900945307454094,11.0409325193285
0.877299615181983,0.928342601750046,13.6274963098751
0.524003532947972,0.159598578000441,7.50886703059553
0.601576539920643,0.311784449731931,8.07793983441595
0.582841147435829,0.469126072479412,7.81786066353372
0.992500230902806,0.147853270871565,5.89467000377234
0.0201701105106622,0.195076090982184,0.73167535948355
0.737708440516144,0.494332551956177,10.7845778660637
0.179431589785963,0.774155111750588,2.30212071891129
0.0155258874874562,0.899116564542055,0.112316530809915
0.0830609153490514,0.985568972537294,0.877287834621754
0.925906303804368,0.917256135726348,10.410950240908
0.625509476289153,0.251046815654263,10.8778283336472
0.109081303933635,0.316190189216286,-0.0634821282705995
0.267877981299534,0.587723203003407,4.88315628331239
0.691747325938195,0.358144184574485,4.07520368580509
0.200247991364449,0.0239736167714,5.7940929141594
0.0432744312565774,0.70754606788978,-0.521996174358034
0.337684547062963,0.0748975358437747,5.06280403722895
0.447136818896979,0.738469323841855,4.65639543748694
0.945470490725711,0.193410749547184,6.63364139210381
0.78532785596326,0.655271804891527,6.7211392352801
0.804990937234834,0.379656265024096,8.95138102112816
0.92951222974807,0.0973506751470268,11.5348116314663
0.466707102023065,0.620707737049088,5.1951237695059
0.770894614979625,0.864742436213419,6.44354914137333
0.872892003273591,0.898904129164293,8.76796321295874
0.738924055593088,0.733400197932497,3.81020118558487
0.256343404063955,0.664458852959797,0.318521780361541
0.27831206843257,0.977960504358634,2.82301212945058
0.250365645159036,0.191070985980332,0.0282435101983229
0.361603344092146,0.795843869680539,2.01052972875756
0.84122766321525,0.790152419358492,5.01184871056075
0.166086294688284,0.233272996265441,0.485267378293571
0.704506776994094,0.0158789879642427,8.23360925833407
0.052059504436329,0.448344283970073,-0.289239846923133
0.444299366092309,0.969648574478924,4.12447456245327
0.83827741863206,0.709585772361606,6.43862466627612
0.132752476027235,0.511737150372937,1.07367887745724
0.467134698294103,0.728403808781877,1.93885869418648
0.975804239977151,0.589172444539145,10.5307784759894
0.979504281189293,0.217235318152234,11.4869753824903
0.269311688607559,0.25720177241601,-0.0624071200514704
0.224178574746475,0.126368585042655,1.80892684802105
0.715860838303342,0.0138808654155582,6.82898153035504
0.778021900216118,0.701674812473357,10.2712705701959
0.764960516244173,0.496608972782269,12.5563651238132
0.610240357695147,0.432993707247078,3.31350007270491
0.330826814519241,0.435194394551218,4.6407962201775
0.440220006043091,0.741429509827867,3.16559412100407
0.955997936427593,0.687865439569578,12.2601586524937
0.687682952033356,0.795679938513786,7.82696975384368
0.124918797053397,0.99077846086584,0.359415846147878
0.815060772001743,0.157516107195988,7.75371009528921
0.434960972284898,0.301859312225133,4.23025057548744
0.40117283561267,0.782290183706209,5.870315289482
0.825774979544804,0.249922587070614,5.20912943429204
0.696780615719035,0.324190881568938,9.10661528149571
0.25380632840097,0.638590244343504,4.09877622666368
0.38970314245671,0.583884576335549,1.4888060073766
0.771721998229623,0.472330531105399,6.96952585012791
0.976179258432239,0.97130832565017,13.9574804402499
0.147256826981902,0.763565023895353,0.44109393253257
0.468914123019204,0.0976666777860373,4.80807958262671
0.340072658378631,0.746020508464426,2.92309101974812
0.933593951864168,0.745280074421316,6.74353756849911
0.376127030234784,0.258980475133285,3.61967008100412
0.796829062979668,0.0467292310204357,9.77605689301367
0.272007192019373,0.964654218172655,1.1325289242564
0.353273810120299,0.132665971294045,4.02966444495637
0.413757059723139,0.951697127195075,3.77443571549444
0.412775589386001,0.53745010565035,3.49906970442428
0.428535862825811,0.412249292246997,5.52570855212373
0.449382614577189,0.403922107769176,6.90668377457397
0.471160850487649,0.242520503001288,2.75784620636237
0.588505382882431,0.779593285406008,4.83892530385407
0.959212658694014,0.0333267145324498,13.3566391086896
0.800517494790256,0.912790402304381,7.07074231799684
0.605366749223322,0.167978598270565,6.08991041566903
0.908893919084221,0.333973174449056,6.76167004965581
0.622952117817476,0.125662405975163,1.72117500000496
0.0182770760729909,0.466034377226606,2.77326613159813
0.594413211103529,0.749314318411052,8.26435476501411
0.492112400475889,0.321341107366607,7.00493633539385
0.578382910229266,0.542196095455438,5.63290086268995
0.953756623668596,0.999425725778565,9.6117889682015
0.883075242862105,0.397849138360471,10.0401299375878
0.7108941860497,0.823936599539593,9.70093306573099
0.0747321860399097,0.691630907123908,0.389194295313346
0.27654019347392,0.855879834154621,3.32411728656009
0.758265485521406,0.393892829073593,9.06146396864614
0.941553401062265,0.939693478634581,9.30308143799954
0.167594120139256,0.248114509508014,1.50031269871391
0.92034969641827,0.292515529785305,5.58384866812708
0.225102226948366,0.464614860480651,1.81392366870278
0.211225371807814,0.445243231020868,2.48159741132248
0.993820405099541,0.877904107794166,6.07244432540727
0.367517885519192,0.343365488806739,1.30523502144641
0.141063153045252,0.257891381392255,4.4782864855946
0.815774261252955,0.787774357479066,2.99650380448153
0.905574016040191,0.57260728138499,5.6107287328689
0.383947100257501,0.169928025221452,5.70029061654625
0.570952177746221,0.999541151337326,6.98368847823679
0.634382457938045,0.147395670879632,2.4494786139103
0.0673612437676638,0.652182805119082,0.246027928783332
0.69765684264712,0.250301782041788,7.29187042240433
0.296147185377777,0.544723080936819,1.31184992235428
0.31304665398784,0.722884002840146,3.02861531862691
0.343590306583792,0.162957241293043,2.90140977451275
0.0519160907715559,0.889537276700139,0.141348925614214
0.541105723707005,0.34740889002569,4.05724779856421
0.88309776247479,0.0152494772337377,12.153851126899
0.396460276097059,0.694448813097551,4.45226130794495
0.337629546644166,0.628750998992473,3.7174847245889
0.557563529582694,0.616004117066041,3.43182228756475
0.626730038784444,0.799804941285402,5.22001406416886
0.174033857649192,0.879338440718129,1.5266372306946
0.86961436457932,0.961614079074934,8.66234746173452
0.193856101250276,0.528626364190131,1.98133337227211
0.205908443080261,0.464139726012945,3.1017792710317
0.652381616644561,0.852738738292828,3.7535308284703
0.660982702393085,0.0634791960474104,5.83813040023651
0.422874480951577,0.927351739257574,3.87107785500765
0.652803630568087,0.937707413220778,7.19142433305807
0.531226724619046,0.327995928702876,3.01477166180247
0.85668150964193,0.212482304312289,5.27944974613313
0.116906099021435,0.755264149745926,1.197516028133
0.606628160690889,0.0210650702938437,6.21686707338647
0.787045155186206,0.477412403095514,10.6662567583547
0.475022654980421,0.945259474450722,8.44870009650991
0.3668153565377,0.728871663799509,3.36706082747111
0.805181011557579,0.377401934470981,7.89024935697384
0.0514446024317294,0.105036438908428,2.26030188614311
0.421626682160422,0.332855459535494,5.76143186626333
0.971304987324402,0.216324086068198,11.880243079173
0.614276255248114,0.00393051095306873,9.06646816366693
0.0348023385740817,0.176719618728384,-0.194971875951108
0.43208245630376,0.749154337448999,3.57587312971997
0.993409254588187,0.25061952136457,12.9038992919289
0.101837017573416,0.648613324156031,0.224406264728908
0.059678060002625,0.949761866126209,1.34468199684329
0.967441830784082,0.927501977887005,12.3690486906345
0.918793564895168,0.925754580413923,8.47836623757737
0.88240117020905,0.620964539935812,9.27143563996672
0.606709365732968,0.275572688318789,5.69538791878625
0.626301662297919,0.694604664808139,6.3370086850488
0.296921289293095,0.62531420448795,1.50833273727551
0.28775803395547,0.182346901390702,2.69977527555143
0.505036204587668,0.111581849399954,2.18083220277174
0.744509810116142,0.404137598583475,8.13359134552955
0.359315569978207,0.191818217514083,1.27718491950773
0.035820018267259,0.637873040745035,-0.070368037986008
0.78220383846201,0.97014048253186,4.41636441768622
0.466935012023896,0.495462391059846,6.73846925476372
0.00519459880888462,0.992833239492029,-0.159167417994095
0.807565274881199,0.673117778031155,12.1231367667128
0.236918696667999,0.935480889864266,1.11184653595055
0.670580904465169,0.262429489986971,8.12877195000725
0.0377055525314063,0.949792638188228,-0.223902199472358
0.544773236382753,0.386133313179016,6.48287890375592
0.754639666294679,0.73835721006617,7.09431267455845
0.935567345004529,0.876297725131735,7.93321321190789
0.426532168872654,0.299351882189512,5.80279905679049
0.696274029556662,0.847053068224341,9.20900106512441
0.567616747459397,0.408215328585356,4.54439748808001
0.602872221730649,0.591894537443295,7.93352138472477
0.160117248306051,0.128016187576577,1.81596498515021
0.00488667166791856,0.31179343839176,0.753742690750192
0.47980550210923,0.882435152772814,5.61188479748232
0.899283151142299,0.697595893405378,8.49001172687297
0.276794243836775,0.48463418870233,2.5762273117364
0.105161464307457,0.0354250487871468,1.81379077397945
0.266887329285964,0.692521757213399,1.21308975442693
0.564064223319292,0.377490699058399,2.1618788280891
0.0226944736205041,0.0470408536493778,1.47988662211775
0.161224168492481,0.492229759693146,1.66753395541241
0.510457694530487,0.895087192300707,5.52087102785173
0.229459402151406,0.706857053097337,2.5858616467244
0.143199027981609,0.917821577517316,1.37686414826997
0.842755154706538,0.507538186851889,6.71045308854788
0.924991098232567,0.882115637650713,10.355287231618
0.123950083274394,0.855437793768942,3.00772015159124
0.783840382471681,0.188335045007989,10.8493255396776
0.137908946955577,0.112333871424198,0.585594560418736
0.624960844172165,0.000455158762633801,5.27508939379069
0.131405170774087,0.774513215292245,0.0342237045025024
0.317922584479675,0.740584712009877,0.892780580690257
0.708988337079063,0.326603184454143,11.4426343744367
0.924889012472704,0.489470021333545,10.6622920228042
0.706704325973988,0.465031269937754,6.03926318417279
0.744957910384983,0.872810120694339,8.18202855859274
0.475648815277964,0.39594389568083,5.70187464873876
0.650660511339083,0.198582893237472,7.35457770903718
0.799274199875072,0.348247100831941,9.74281981162157
0.225272513926029,0.967172351665795,2.889594672763
0.133543628267944,0.348278815392405,1.18046689859335
0.581059391144663,0.353812060086057,6.53815628121705
0.188685041852295,0.689617238240317,-1.55307712879455
0.234497518045828,0.82725306157954,2.80173791465156
0.63665930996649,0.288248826516792,5.52395453674367
0.109104962088168,0.940758192911744,-0.202592040519148
0.765305351000279,0.0318273303564638,8.70645373316799
0.229721443029121,0.297002659412101,3.13608124269734
0.931994777405635,0.89900520676747,9.276728207416
0.15279627405107,0.0694528867024928,5.25208614306147
0.28760688053444,0.164990958292037,4.69600803519856
0.247578717535362,0.99711811542511,3.27583538013581
0.446757503319532,0.6362534314394,0.984031123325195
0.681734170066193,0.965170818148181,4.54966966355021
0.982530027627945,0.514336475171149,4.34089727143532
0.223233203636482,0.306647288613021,3.16855204334869
0.542193264467642,0.67646421957761,5.85642133885211
0.109115140978247,0.76975009473972,0.929547244467961
0.304690230637789,0.483219372341409,-0.00963850818473455
0.128262259066105,0.968974149785936,1.37790788419891
0.891289863968268,0.311737048672512,8.85139404765924
0.281658262712881,0.00806283857673407,5.61567795542289
0.146074404940009,0.612655200995505,1.1003834269753
0.820036266930401,0.36102482303977,10.6717985567584
0.0673638833686709,0.77416681102477,-1.71172954583674
0.740119288442656,0.679226954234764,4.63346364265793
0.0740285243373364,0.72664262005128,-1.06299959338809
0.296028135344386,0.105974631616846,2.97739143971988
0.208505007671192,0.551078229676932,2.05047265692617
0.210263673914596,0.730553094064817,0.542996337382925
0.0513709648512304,0.00200837012380362,-1.42136062197817
0.0385464436840266,0.885665372246876,0.66910445915361
0.657284697284922,0.363887903047726,4.84911868129656
0.930819966131821,0.428232807433233,5.29461565303078
0.143997016362846,0.973255530232564,0.960194296651442
0.341115456540138,0.325832729460672,3.0883188295612
0.818526883609593,0.431584445759654,12.7558632642059
0.859009532490745,0.959484942257404,9.13654519089506
