"x_1","x_2","x_3","y"
80.4925370030105,43.0469789542258,66.84575881809,50.1489896291171
22.8356343461201,2.02751639299095,18.437776225619,30.5647945187207
68.8470825087279,19.0476169344038,65.4535196023062,50.48889079752
71.4451279025525,18.6565326526761,76.3798712287098,49.89867158226
32.5306955724955,52.2814129013568,33.6593503132463,49.5584303762651
73.317655082792,40.4495005495846,16.4499380392954,50.5495060016764
27.9891923768446,15.4827638762072,22.5625495659187,30.6281776418594
68.8755919691175,79.396873828955,56.7033406114206,51.2635759881695
99.6510880766436,93.0388738866895,63.1719653960317,69.9514666339173
79.6203026315197,26.5052660601214,51.6978048253804,50.0196941757584
70.7707738503814,33.6390090174973,40.5944459140301,52.1735591994621
47.966032801196,81.5997685305774,99.1210972890258,69.7456860302701
60.9563848003745,78.9717951556668,45.7206521881744,48.3700192303326
60.9631234547123,72.8485271334648,4.14542255457491,50.1055974588248
45.7953730365261,41.4782834937796,8.47796609159559,50.69377289143
15.8421601634473,50.8886282565072,51.4335640938953,27.6683728268846
14.6418330725282,40.1309339562431,19.0086194314063,29.2271162439695
62.2070583282039,48.4297942603007,74.6474063489586,50.3167213059679
73.8024000776932,53.4692754270509,12.5653978902847,49.2288724340816
27.4942782474682,16.9384212465957,46.7738373903558,29.1461483025995
10.9188994858414,58.6421930463985,77.7716513257474,29.532599780289
53.7446777103469,78.8225516444072,0.589020107872784,51.3865789667416
21.2379848817363,52.7933852747083,87.6016526250169,30.119452656273
17.4079223768786,39.0760355396196,67.8098562406376,28.5361680033435
71.6534889768809,77.968748123385,15.2616678969935,49.8574977068625
40.2944369474426,94.5151785388589,33.278895705007,68.1854841856486
96.1834225570783,41.285400907509,9.38303146976978,51.8312106984886
90.6031456775963,7.87745213601738,79.305971134454,49.1240150520039
53.9338646456599,10.9858070500195,62.0131089584902,50.4605910859705
56.7883318522945,29.4204070465639,15.7702870666981,50.2277467221948
96.7189695453271,18.0144688813016,91.5013382676989,50.5434197344791
73.6110059311613,65.8001854782924,55.2421451546252,49.6365765685567
30.6294835405424,19.8981360066682,44.2101332591847,51.1415725913654
74.8200442176312,93.0062076309696,98.2994680525735,72.3472453593177
20.0439640786499,23.0959200998768,39.6850323071703,29.4634125823551
0.871508452109993,95.2784618595615,56.3007054384798,31.0224480031228
1.38794824015349,18.9830120187253,0.265776924788952,10.6605189371664
85.269888676703,76.0881098918617,59.6579757286236,47.672329811316
50.2292999997735,27.2754894103855,15.218147682026,48.6229875294152
96.4663477381691,18.9596851123497,17.8276722552255,49.1784192908628
94.2624801071361,96.8136682640761,15.3767524985597,69.1939185097342
0.235675857402384,68.2809802005067,14.173434744589,28.9098739093437
7.05982388462871,73.7987346015871,85.2460956200957,28.7609909713804
58.066017460078,76.4864296186715,18.4343169443309,49.6168942266931
64.025594945997,60.2668629027903,30.2612730069086,49.4659940632027
52.6697820518166,37.7505157608539,19.1551208496094,49.1557735806065
86.7803332861513,89.6582016255707,32.9203286441043,71.1547894560534
84.4839258119464,82.5449859024957,37.0384499197826,68.5606035440741
32.2627482004464,67.5636998843402,97.9498406406492,50.7951774823684
90.6260560266674,70.3149702399969,49.3365795118734,48.8040041610736
62.5930562149733,72.260776325129,79.7843759180978,52.0378045615217
70.2021105214953,99.6416684705764,78.1018815468997,70.1710895408965
81.000184873119,78.8485012482852,9.16337464004755,48.5626082238824
74.6145616983995,70.1456640847027,97.1897525945678,48.9213362677366
26.9092909293249,30.2773973206058,62.4546234495938,31.7151143932771
71.3678913423792,58.4974442841485,62.7691979985684,49.7297990975662
2.65969501342624,14.7965291049331,12.1690429514274,31.4258252088557
34.4037784263492,6.17246248293668,68.6445167521015,49.9759285523424
87.731164926663,7.82953870948404,88.1229226943105,50.3792450915365
47.2800224320963,58.4518275223672,6.32768603973091,50.0278038665244
4.74050163757056,27.6848500128835,26.231742859818,30.2890189122492
44.0801200456917,51.0488928761333,62.1828191215172,50.9910847451233
27.4036186281592,53.3067018026486,17.6891819341108,30.097542632886
2.86334250122309,37.4247255502269,91.6123201139271,29.9250285432796
3.75925961416215,18.6966302804649,68.4454658767208,31.2027602252395
68.8055707374588,36.3672931212932,37.3928883345798,52.2836535522278
67.1630182303488,68.7734790844843,32.0681606885046,49.8276142361896
45.9206121740863,80.549133149907,49.8659444274381,70.3157468834232
6.97595283854753,46.2467940757051,78.7402505986392,28.9444911283287
98.5747714759782,80.1018845755607,43.5565049992874,71.0453507149979
77.0067344186828,17.9835702991113,36.4005753304809,49.0068505735198
44.6260989643633,90.7419833587483,22.8283401811495,69.8273326987847
1.57612750772387,99.2099284892902,13.0161233479157,29.5033144213272
57.8072112053633,10.9744335059077,30.4502668790519,51.2515348737424
88.7087911134586,14.1736645251513,97.8305997559801,48.0032860480612
36.2141220131889,30.4046319099143,91.3410284323618,51.3899377577365
84.9904297152534,60.0811354583129,15.8580231713131,49.6062634663441
89.0041168313473,27.4591882713139,31.8841921631247,51.0194083113464
19.2424044245854,80.4021317046136,76.1185864452273,29.3241007880464
90.2055721031502,12.8931541927159,3.77159665804356,49.9556178809043
32.4255272746086,54.7358180396259,33.5760882822797,49.8400770255168
53.9769490947947,54.3965732678771,50.5931467283517,50.4357246475592
10.8164125820622,99.6334155788645,50.8123364765197,31.9958224931894
5.05087715573609,76.4467346249148,33.0106545705348,30.1576828025989
79.0613478980958,96.3626199634746,33.807134651579,70.3902739535068
60.5993925128132,46.9441029708833,42.0325347688049,52.2179163436424
75.4249676829204,77.7662875596434,23.9511783467606,49.3753399153878
44.8350506369025,26.1399806011468,77.9867586912587,51.2734413601034
11.7762241978198,70.551747456193,88.2739258464426,30.520736718428
90.2328734286129,49.9980715569109,2.00379306916147,49.9478791515203
62.2225939063355,3.15834912471473,0.176656991243362,50.4748464520881
23.4537133947015,70.356509834528,53.0629976652563,29.7154277919458
66.4793657371774,14.3986562034115,61.6462957113981,50.2135170737399
89.1426196787506,22.8099194355309,24.282141472213,48.9050256777246
33.2383119966835,91.7571811005473,26.4453900977969,68.2745386736888
82.9822215717286,22.3517258418724,57.9826036002487,49.986328216857
39.8624951718375,13.0039986921474,89.6500425646082,49.5407594280548
19.0206346102059,65.6414068536833,88.0396565655246,31.1938435974099
24.3878282606602,55.7680506026372,89.3714223289862,30.6968558247128
75.2192610641941,82.5324787059799,2.9065479291603,69.9377737831272
68.866429082118,48.8797925412655,15.578646864742,50.2136819384975
73.9465954480693,31.4786648843437,49.2016819538549,50.0884027028017
5.4866963531822,66.7620024178177,28.3632213482633,30.2756367309272
44.1474072635174,45.993722579442,0.679692695848644,50.2573240136236
80.8377748820931,93.0901150219142,84.1077537508681,69.7345716275068
88.0881555145606,63.6567118111998,81.0977131128311,48.9396765122612
27.3606942268088,66.5205825353041,37.1156956534833,30.2926050895178
56.1711494578049,45.3006273601204,21.0148037876934,50.1328437738336
3.11707819346339,84.6455611987039,20.3401283593848,29.9382916070876
83.1278939265758,70.4341946868226,80.6764063658193,50.0843196837186
7.07520302385092,93.9454050036147,14.10059153568,29.2507548113735
98.8792436895892,93.5241463826969,59.7909204429016,71.5833461661476
19.240977591835,11.4284170558676,92.9113343823701,30.5830982800124
93.9557873876765,44.7501761373132,31.5117921447381,49.9149257797738
41.1931195296347,60.578457522206,76.2344737304375,51.4316238323331
70.5863630631939,86.5163739072159,88.3660390274599,69.5755345628977
12.732390477322,76.7423447221518,65.8401777967811,29.3881558437964
3.44611336477101,97.8952533565462,40.5640660785139,31.3234848214379
28.7276156479493,28.667345456779,20.1583999209106,29.6101131970326
46.8590442324057,19.5710071595386,64.288018620573,50.1413950686745
73.7277532694861,99.3910687044263,8.0260445130989,71.5391812544515
0.76467648614198,64.6702405530959,65.0467240950093,29.4804220149245
71.5851164190099,9.69579627271742,66.1269608419389,48.7301519373137
48.0638305656612,27.3679087404162,12.9026748705655,48.1050937736693
77.8281446546316,21.1432964541018,33.9926041895524,51.0344371905937
43.1390831014141,73.8264341372997,83.6900963680819,48.5100555861253
11.4720835816115,99.4823699584231,22.3095233552158,30.2503259930644
50.3793551586568,2.9860224109143,38.3136040065438,49.9268314655723
5.384477134794,81.0849380679429,5.76290991157293,9.24057783024436
54.0007889969274,28.0311281792819,59.8714631050825,49.6804528261013
91.4100208319724,5.53171976935118,1.80459565017372,50.8678467651534
82.5028479564935,71.5699242427945,70.0274156872183,48.6108069781284
29.0742066223174,16.6100660106167,16.234845505096,30.8777105178086
8.37738311383873,2.54104377236217,7.26560277398676,8.47787693451226
10.6196806766093,86.5797684295103,19.7749934159219,28.4773906967503
83.720946428366,22.80667363666,68.2420004624873,50.1401119739517
35.3393887169659,96.6826355550438,41.7492100270465,68.4495319243395
10.5682949302718,45.9997507976368,0.484351417981088,10.8897980845531
77.2140140878037,1.86186407227069,35.6493222294375,50.6176639701148
64.8552750935778,15.1993760373443,33.1961290678009,50.1062403612246
73.9012060686946,78.2191006233916,5.99006237462163,49.6832820521854
34.4776780577376,1.72493983991444,96.8677162192762,49.6233315127648
47.8110699448735,69.5448370650411,0.862431223504245,50.092056073248
52.1883975015953,54.8320949310437,0.423750816844404,50.3921040553718
76.1475504608825,20.6445002462715,83.0540981842205,51.0853788192325
84.7887153504416,86.7098972434178,21.2743303738534,69.1911209214427
11.0516171203926,12.6496647018939,7.9365074634552,9.84544491427948
99.3151707807556,64.5353107014671,62.7230762504041,49.3249565390869
84.162569581531,65.0701453676447,22.9241050546989,49.2468193362549
2.73868977092206,52.5515668559819,26.1508077383041,28.5294036773677
74.7116476064548,97.6283453172073,77.1189511287957,70.4292374555053
23.9508646307513,28.9848026121035,46.1570581421256,29.0797396424873
60.0966605823487,10.4332721559331,32.9960605595261,51.2981223270625
95.6586460815743,38.7607783079147,82.7907173428684,48.9848547241866
25.4261285299435,58.4378704428673,88.6196756269783,30.033051655952
27.4901425465941,27.9007464414462,20.7493895664811,31.1057200893771
7.38153487909585,74.0264034131542,66.5688922861591,28.9170784172099
63.2300875615329,79.4750585453585,45.3678781632334,50.7337326348677
45.5169580876827,91.3824936375022,34.4482054933906,70.1436893831521
77.915033698082,21.4066982036456,95.6485759466887,50.6122064207711
88.1461675046012,9.48269462678581,6.91999262198806,52.5400730656459
38.9427895424888,52.3970795795321,80.4598272545263,51.0600077690008
44.6797122480348,88.4997659828514,36.4472422748804,69.2136306828881
48.3079350320622,13.053031056188,94.7397993179038,50.4602720021546
29.3242672923952,53.2105356222019,89.1430742572993,29.021978159979
35.9058578265831,98.0096600949764,80.8226333698258,70.5304415204935
50.9841602528468,62.9112124443054,89.8541699862108,51.1490191312207
14.5117073552683,20.7480266690254,17.1779214637354,29.2474691112692
51.8085249699652,93.8602326205,15.6358504202217,69.7501020792334
48.0930065969005,67.4930686829612,7.37318389583379,50.9266195479367
84.2720131156966,70.6475849030539,39.0180740971118,50.3244730171501
1.30791459232569,12.6017965609208,86.9565392145887,31.4348919414397
80.5686426348984,27.8464653296396,11.7292654002085,48.4160177535993
38.3646308910102,50.227117841132,74.965403531678,48.9603826729873
83.9962815167382,52.782232593745,28.2943492755294,49.3409670053806
15.3481754474342,22.268208116293,30.4103525355458,29.6515661271266
1.79377670865506,64.2518369480968,52.3899851134047,29.86445024645
60.8158309711143,8.74233895447105,28.9338765200227,50.2487712680699
18.2606186484918,34.0505849337205,50.7492057280615,30.988308161233
8.40297529939562,49.5569890365005,58.4181741112843,29.461034657265
34.9962422158569,29.5882172416896,43.1972035905346,51.4342816012171
6.276487512514,86.3658884773031,33.0859526293352,30.2126375580722
10.5491442605853,93.5515456832945,61.7220723070204,29.3947164841406
14.7127266740426,46.787033113651,55.2908163750544,28.3740195504941
42.1062994049862,33.4887156961486,66.1872737109661,50.2434998139612
38.8708366081119,33.5498832399026,56.7458324600011,50.1082307782997
82.9014416551217,7.31901717372239,51.324662915431,49.9960344050039
45.4458010615781,43.3279262157157,31.7088172305375,49.6544627272796
5.89800754096359,43.5023041442037,16.2221730686724,32.0376065838297
85.7441483763978,22.2415059804916,59.2070766957477,51.1465821969537
74.1976082790643,57.2490916121751,97.5967186503112,49.0960978816802
67.9334606509656,71.023625228554,2.21619021613151,50.9716580966153
46.8682755716145,19.2222664598376,66.3264040602371,50.7168966164754
14.0272407792509,46.8698206590489,8.29649071674794,11.8525649941366
38.8890848960727,87.5685212435201,22.8599061490968,69.4852463238664
15.3443213319406,52.4386032717302,26.3319687684998,30.7082557548595
22.6845543365926,52.4268752895296,44.0283823525533,29.559577829604
75.2120107878,92.4722480820492,77.320330333896,67.8358869633483
55.0386774819344,74.5432283496484,7.3767353547737,49.5154815013081
43.5294383903965,53.4728079801425,89.3952825572342,49.5310323089819
93.1643216870725,39.260078384541,24.1495155030861,50.2943747101435
82.7758558327332,66.7957586003467,58.8132167467847,48.7969064321462
3.71261634863913,8.1441888352856,73.722084145993,29.2619559213264
75.5962281022221,26.5445618657395,11.6076454985887,49.2014232986964
23.0133208446205,29.7850212780759,89.3844569567591,28.3914611345515
4.38686476554722,13.4408944053575,71.9033113447949,29.0285293700596
21.4594347402453,67.5092340447009,37.6726022688672,31.0122078540403
6.41593572217971,38.4281567065045,80.7924058055505,28.9615444571818
51.1034327792004,49.8565146699548,99.7927595162764,50.0700114730563
61.0041134059429,5.95508220139891,48.4056818997487,50.6270513857772
41.7089034570381,36.3337646704167,30.0405075773597,49.4829732695341
33.3686885191128,42.3456141026691,88.4684992255643,51.1708705982589
84.1975239105523,92.1170811867341,25.0835059443489,72.0394164618724
66.3016875972971,29.464276554063,26.2040680041537,51.0127183188848
19.0260661067441,11.3257167395204,32.1442252490669,29.8980156736619
77.1350669907406,21.046815183945,99.2037268122658,49.8122258634819
50.1191934105009,79.3808634858578,91.5649677161127,50.0236400388043
0.788551499135792,51.481331163086,58.1150569021702,29.3328605318073
40.7092788256705,44.3699149414897,51.7256267601624,49.5823086715769
12.5992058077827,21.020073024556,43.8292848179117,29.769178562386
91.2381596630439,56.4392260275781,24.0704835392535,51.2764154054282
99.0178651176393,49.8060442041606,64.140214654617,51.702932302979
99.964813538827,45.7828260259703,49.9570314772427,49.2886314803975
7.57303875871003,62.0866170851514,21.1624525720254,28.7693402118124
32.1017117938027,42.6679939730093,43.8195527996868,51.2628474553179
85.1275185588747,83.0090199364349,29.5692409621552,69.1127277080796
12.4871445121244,16.4732919307426,36.0503464005888,30.8049105931673
18.8984416890889,14.2644475679845,33.1641986034811,29.5173718696823
97.0998372882605,18.0691432207823,30.065862252377,52.7306567579508
75.5615864647552,95.2191280666739,34.0348285157233,70.4802937415848
82.0422004675493,19.5801791036502,15.7558920793235,49.3258989078244
99.7662357054651,14.5665730815381,20.0522480299696,50.4958004480406
75.2862210618332,19.8311616433784,18.6564759351313,49.28136532218
18.8169014407322,13.6350516229868,49.9168136157095,29.1835782783073
59.5876714214683,21.8418671283871,96.9999070977792,47.5137336494365
61.4774041809142,26.6706055728719,11.0965052619576,49.6119719042029
31.7650150740519,14.6209367318079,16.9248924823478,49.9631401870737
32.1629277663305,0.489381817169487,44.9511857004836,50.3420960465452
8.61211107112467,17.1813283581287,99.5708386646584,29.9214287125038
71.6516915941611,58.1934869056568,17.1876471489668,49.3522662236546
1.30220402497798,77.0469867158681,82.8947031171992,28.6500978455792
74.3386838585138,45.0552777387202,61.7198541760445,49.7424082252339
15.3554322430864,89.8234026972204,66.6301351273432,29.267959828276
68.3178702136502,25.6926161469892,71.9203349668533,50.2981047365608
89.2981117591262,2.44545536115766,75.0125705264509,50.7727037189336
55.6923117488623,82.732281810604,6.9027513731271,70.0560419170903
42.1427821740508,26.5024231281132,56.9198914105073,48.4887940638879
84.8888840759173,16.0536708310246,43.9419298665598,49.9495745550117
45.9416796453297,86.5893917158246,91.9964880682528,72.3594926617576
38.9480229467154,65.7731641316786,28.8889749208465,50.7634960503301
60.645008366555,11.6232376545668,55.0448751077056,48.5167944599454
93.0285380920395,21.6253190999851,43.8566993689165,48.6865923716502
97.4246346158907,86.562163871713,43.7881784513593,70.4306299257824
82.7121136244386,24.1968968883157,31.9306309102103,51.333871491392
13.6184148024768,15.2806128840894,49.6065037325025,28.6147495603974
22.4229792365804,63.605262292549,45.7275006221607,30.6906188149914
70.2807812951505,80.8967306977138,63.1096255965531,68.8912481050883
97.8811403270811,79.5440430752933,57.3175830533728,50.8146416224417
44.7907398222014,59.8647213540971,11.964093381539,50.7868272889139
22.1796033903956,76.6792064765468,54.8734263516963,29.8456652864269
21.6385229956359,45.6814989680424,99.6108934050426,29.8646681538604
67.9036937654018,15.8377536805347,20.4334968002513,51.8111226438999
5.60809415765107,50.486368406564,21.9370499951765,31.2972235251311
25.9033836657181,19.6016856236383,73.6349782906473,28.9751360511543
8.40296500828117,66.2562941899523,94.8681292356923,29.1206407737557
90.4660289408639,30.196243384853,17.7355573046952,49.7183079052029
91.005637566559,2.59094119537622,70.2863073907793,51.1995386278384
63.8557886006311,19.3979656556621,45.4544563079253,52.0000089866247
66.9555292231962,15.182837145403,59.9002273054793,51.3319229307665
45.3992337686941,55.9472388587892,71.5467828791589,48.0872337179051
34.2896389309317,72.6888344390318,56.5462892642245,52.2143241321834
56.654403405264,61.4318813895807,72.2891908371821,50.7535576022269
8.66882028058171,10.465187812224,65.0576774030924,32.8649262932471
17.9451259085909,33.1307081971318,89.8939146427438,30.4140208614237
64.653163193725,24.4335344526917,88.7996205594391,49.8154999814807
50.9093165397644,75.0211969483644,10.6949511915445,52.1607419382812
3.90107661951333,47.4691884592175,29.1564912768081,29.0896964588862
32.8955561155453,77.2024766774848,69.6517440024763,50.1936881730173
45.3656817087904,22.6278305286542,31.3936251215637,49.9462042151698
88.4790316456929,78.4381471574306,78.8543096743524,52.4552277801225
42.917815851979,46.9640449155122,38.4348701685667,48.1338970420684
6.74776546657085,15.3331284178421,4.67689321376383,9.0798157315634
63.3762705838308,33.1623851088807,36.4780517760664,50.4762654912517
5.56301062460989,77.3120047990233,85.0832300493494,28.4604469046609
90.9645028179511,44.3850537762046,25.050375633873,50.7014004167279
31.1272884951904,58.9791992213577,65.5159543734044,50.3851844995804
79.1594014270231,59.4704021234065,75.7454591570422,50.2635599322323
68.4909558622167,64.1620443668216,63.0026299040765,51.5084999678478
99.7588652651757,12.2041337424889,71.6889086645097,52.161703024449
16.9338279170915,39.3512956565246,73.4453589422628,29.203856890173
16.7883697431535,88.2768243551254,25.6556278560311,31.1565318655921
17.0049851760268,18.158901669085,54.8357884399593,30.5117422809064
62.1965412748978,13.8297176454216,6.89030743669719,50.4378940848756
85.4869389208034,44.1780296619982,27.4719541426748,50.5868661660902
15.0215605739504,75.690082507208,43.4775310568511,30.4115006679353
72.3399595357478,2.0417966414243,48.3927105786279,49.4197794567385
46.8086948152632,74.4977320311591,78.0825137160718,48.6315501062637
90.0221892399713,76.9863785710186,3.6980404984206,50.5281757688511
43.9187098061666,25.1548869069666,60.2144594071433,48.9649974854611
66.8745607603341,7.51224507112056,65.7495864666998,51.5697192133509
53.0027440283448,50.9252397343516,93.5935114510357,51.1832630501672
36.3120869733393,56.0305755352601,92.5644224509597,49.9781578047639
61.0768479527906,0.81684400793165,36.1226006411016,50.2549333631861
37.5271538738161,23.9945848472416,86.8656086502597,50.5341970582139
39.1321124974638,88.4153150487691,38.802262279205,70.5514277324647
98.1311564566568,6.66411786805838,79.8922307556495,50.8760848414752
28.5087944939733,81.7009739112109,33.353728777729,31.0915262129428
8.53286304045469,59.0605093864724,4.44286742713302,9.20996034904616
56.0281633166596,97.8182730264962,72.9281161446124,70.2309704839288
84.7523285541683,94.6528451284394,84.7020718036219,69.8210636952384
43.2141119847074,66.5089644491673,95.2922050841153,49.6667575628441
84.3285546870902,31.43868916668,3.38654692750424,49.0075518043095
34.1820748755708,55.781657830812,28.5217427648604,50.3103625255962
82.8412686241791,87.3421009397134,42.003081087023,70.6214028101896
27.0471901400015,10.4336415184662,23.8772528246045,30.4351121971966
39.1974624013528,10.7605307130143,28.2565715489909,49.3761632122988
89.5072988700122,31.1004087328911,36.3718547159806,49.7080538956022
30.144552141428,50.8286283351481,89.5243930164725,49.2788375234261
58.4804636193439,52.8365351492539,97.839042567648,49.4916852242781
4.25640328321606,93.5785623267293,23.5272304853424,28.5506315745214
49.667560774833,18.5777225764468,91.4196637226269,50.3589286315859
44.232255872339,92.6311328075826,60.4787737363949,69.5983719281292
45.0353246415034,94.9938726378605,39.5451754098758,69.5779884874895
88.9696997823194,78.3575851703063,88.2622946985066,51.4214505736612
68.8920665066689,8.24390002526343,73.990125535056,50.5009702483098
52.4636738933623,75.3172019729391,48.2973150908947,49.8953551512472
8.64335123915225,67.2388258157298,13.8383333105594,29.8461876344107
52.8032890055329,33.7861169828102,96.9586595660076,49.5058778797519
41.0450353519991,11.6265011485666,96.3922978844494,49.2390884420602
29.5744757633656,37.3368653468788,89.383870922029,30.4794475372829
14.8316104663536,65.4639860847965,97.4464723374695,30.2626729358006
23.6080729169771,73.0225123465061,43.769340775907,30.7324960613181
31.2962049152702,85.4657619027421,1.08279122505337,68.9045715815071
70.6018040655181,27.8407032601535,22.0142790814862,50.1589323549725
8.57697976753116,90.3893527574837,89.8836518870667,30.0993980491483
5.94042027369142,72.6459578843787,16.8052486144006,28.5309276782687
37.7975881798193,97.9615920688957,15.6592237297446,70.2569173940901
75.2512712730095,42.8188593126833,18.1908952537924,48.9308598316407
32.9435464227572,75.1912170555443,66.5871812961996,50.6334319201486
90.9837901592255,92.2346027800813,36.1418369691819,69.0204112983276
88.4480864973739,70.1011118246242,43.3979428606108,49.2441536009239
96.7782218707725,46.6938497498631,78.277042414993,49.5256138421376
75.3072389401495,7.08708388265222,52.8847253881395,49.7831753396495
49.5529508916661,32.2981364792213,90.7739931717515,49.9945026959545
29.1526527376845,68.036087276414,54.3882498284802,32.0155728742731
27.3669568356127,31.3368706032634,35.4032645234838,29.5402480897394
57.8763561090454,30.0727831665426,62.6796953380108,50.6159699506695
51.9800706300884,56.6394952591509,19.0545936813578,49.1639859254274
31.9260321790352,66.1539031425491,16.0735151031986,49.6836761233366
26.1833359487355,92.8384995087981,11.4783212775365,30.6668036336868
7.62592339888215,18.8903467264026,16.6697571752593,29.8203271583284
63.883737870492,91.4430277887732,66.7542363982648,69.7432049073228
85.867215692997,33.0210321117193,80.4154496407136,49.2167790757576
85.9793510055169,69.4209355395287,0.533990049734712,48.2429363894713
12.8939887275919,65.1204646099359,23.1222154572606,31.1884117431073
0.46192288864404,94.0717898309231,16.746298992075,30.8734110260456
68.8250213162974,29.8343667993322,84.2231903458014,50.0637527674576
83.3545859437436,32.1325831580907,0.701860501430929,48.3685451738376
42.7072861231863,95.9007755387574,66.4520423160866,69.3815479237309
93.8908957643434,91.0425606183708,79.7917936230078,72.6890436534274
85.3299215435982,57.622022763826,28.5417530220002,50.4605125775698
22.0887146191671,85.9116236912087,63.6403712676838,30.0320609356979
11.7490613134578,49.4456858374178,47.4915172439069,29.3373536876813
54.7667784849182,78.7681351648644,45.5439175944775,49.8401573958023
50.9713479550555,62.8017194801942,94.6572571294382,50.7998981522955
73.8788585644215,8.04115959908813,31.7484470549971,50.3895862942172
30.7806140976027,32.0285035530105,90.1708457618952,49.559127260259
44.595230021514,72.3549901973456,40.2797966497019,50.0590274537432
31.117677106522,13.4383562253788,16.2295690039173,50.7044392059392
22.4507569568232,9.75934977177531,17.8189820144325,30.8900576756155
23.0301981559023,66.9046693714336,12.9729719599709,30.0633828381152
88.9648775570095,45.420742733404,26.4718887861818,50.0697831376877
54.7127538593486,77.1891428157687,28.1327493488789,50.9177215404976
2.34494383912534,54.5775275677443,48.6813654657453,29.7957528772554
26.3793509919196,97.7305391803384,81.9571848493069,31.2713225928254
72.1558124059811,32.5907448073849,0.579075096175075,49.7334032562167
33.845924725756,5.10267384815961,16.1631322698668,52.3606620772009
75.0814334023744,5.65566851291806,53.6334918811917,48.7774914810276
51.0337013984099,66.2207897519693,54.6442640013993,49.4202098338916
87.7152662491426,47.4407784407958,67.0806053327397,49.4957490017529
28.7808917695656,63.6728233424947,74.1118776146322,30.0951283749956
80.4510429967195,62.3788525816053,50.5948321660981,50.7263654290782
18.1853523943573,97.3632795736194,25.1782534644008,29.2293491503401
46.5887155150995,39.4320324528962,47.4011873360723,47.8498377838189
89.1047402983531,72.293449495919,9.71043207682669,50.8658460819131
49.4560192106292,13.356280582957,99.3078268598765,51.1095616507444
19.4645767565817,14.5778035512194,9.85994734801352,10.5916549595162
32.7062196098268,99.5579172391444,52.8112926986068,69.6722085880081
11.6913496516645,63.9081362867728,96.0172326071188,29.7332605913351
3.14077343791723,86.4854454062879,14.0457503031939,29.2914027855256
86.3939359784126,89.7754286881536,22.6888945326209,69.4020628334708
52.9013704508543,93.7239778460935,45.8955929847434,68.1656158661868
76.9545015646145,24.3881477508694,92.3869050573558,50.5569539737847
29.0472387569025,38.5617801453918,43.6502890894189,31.2514524621505
54.494538391009,48.5340358223766,32.0591349620372,49.1865870791026
10.919648478739,52.0603700308129,43.6076232464984,31.6662660579411
59.026740049012,47.531566512771,81.1085038119927,48.600085174192
10.5133875273168,93.9175640232861,80.4085617186502,28.7383404870856
81.4605318941176,0.832460285164416,8.91709497664124,48.684354302981
29.8508115345612,73.4999925130978,25.2592489123344,30.2115446950555
7.17267503496259,10.8263406902552,80.5545839248225,29.2647193872429
17.8951242240146,52.7814529836178,89.0945064136758,29.8478070732508
13.0745713831857,44.9434610782191,26.7465650103986,29.3051374626769
69.553361996077,78.3660258399323,86.236301343888,51.8666785879064
94.6797627955675,89.0014819102362,39.9061219068244,68.7339089237089
2.8038299176842,75.969455530867,51.3710732804611,29.0122675896002
25.9927981300279,67.4210139783099,60.9327125595883,29.749001840718
47.1469384152442,99.4467913871631,58.7177670327947,69.0144716181544
57.5434217462316,70.6797412130982,90.4226490994915,50.9261746835999
90.8284228527918,43.2306451024488,35.0820752326399,51.0383315439309
36.7256831610575,72.6247739046812,34.1976271709427,49.3552331905361
14.7863403195515,30.0213825888932,39.3128274474293,29.2540826260656
16.8827859917656,25.5988472839817,53.3907507546246,29.1584898239155
67.7649967372417,59.2879893491045,40.6566150253639,51.5687319842461
54.068509163335,58.1741608679295,65.0059474632144,49.979742290967
12.5418923562393,60.4924311395735,12.0403984794393,30.3622215876109
35.9787860419601,23.8785895751789,18.3292473899201,51.0165379793375
5.66065669991076,0.129325268790126,4.14470345713198,9.8117778147721
85.7730101561174,84.4525386113673,51.6338450368494,70.91346877648
91.5417621610686,95.1029556104913,39.6491596242413,68.3297105403188
60.3630983270705,14.92994944565,3.9518317906186,49.7578459696934
2.93588961940259,14.0900023747236,62.9733307985589,29.0508438419312
37.2104839654639,42.6119663054124,3.22706503793597,50.012085786317
85.2397339651361,57.4598092585802,65.2888418873772,48.8490386477075
32.8585956711322,0.70510059595108,79.1688347002491,49.9564192450318
33.1261626910418,96.8082235660404,13.6703955708072,71.7482586287511
24.6305343927816,46.838143421337,86.7820408893749,30.1885373292654
92.6409143488854,7.81835180241615,93.3510779635981,48.4774963270825
44.6806326741353,76.1627519736066,90.6090347561985,48.4771446267554
48.2706506969407,99.2346856743097,6.30957267712802,70.6766707092032
56.9020371884108,40.5272094300017,97.1105820732191,50.6929684341381
11.5936025045812,60.8094463590533,4.16822009719908,9.42537839013814
17.0689092949033,15.2728799730539,72.3749264376238,29.688964343245
4.82507345732301,59.4959816429764,5.06724109873176,10.2185159649868
56.4597640186548,76.197636895813,20.1125689316541,49.4625181583761
54.306513746269,98.7226396333426,19.8745577596128,69.7139749915563
92.5754291471094,67.1368181006983,39.0273703029379,49.8808382807844
67.6080857636407,8.27289463486522,6.93001125473529,48.2905121171564
88.2397509180009,36.6921856766567,17.4928307067603,48.7989471710542
25.8029446471483,83.7566719623283,50.4335751524195,32.199457537884
14.6870015887544,8.88830425683409,90.0155908660963,30.3694356696534
58.8286562357098,0.750680617056787,19.1746901953593,51.9548135672316
46.3496830314398,30.4814495146275,73.5506794881076,49.5890116782182
71.5391767211258,9.82644720934331,20.4045369056985,52.3126790042033
30.2044527372345,13.9439170481637,88.7058603344485,51.6938835346904
15.9787240670994,16.2184953689575,70.6379736308008,28.1120150693398
75.8257387205958,99.3496541166678,37.0184535160661,71.0569210200273
18.1009181542322,39.6601017331704,34.0900827664882,29.9503780764498
73.5314323334023,67.4219333566725,15.8527264371514,50.4010843750527
38.3018599823117,7.26726700086147,53.759119194001,51.9361326738135
36.6127729415894,57.6036011567339,93.9459810964763,49.2409969159583
24.1554422071204,93.1471051182598,50.7617520168424,31.3415688247046
24.8967733699828,59.7254141932353,67.6899472018704,30.8634841544907
20.9295538254082,88.752568885684,52.9155028983951,30.5117407821246
89.3389899516478,79.9639984732494,50.9379174560308,50.7421946610015
18.295151903294,13.1613223114982,69.6936215739697,30.3316361880793
21.64466381073,96.8192125670612,79.2411333415657,29.2746625727802
49.6023503132164,50.279833143577,0.323151214979589,50.7157262443966
40.2814887929708,40.9250696888193,28.8117687450722,50.2713358756408
82.7516227960587,45.8391242194921,49.1043474292383,49.5238632429392
92.4999295501038,71.3180705439299,94.810355710797,50.7472906176795
84.8284477367997,40.8889442216605,33.9125196216628,50.6916688505124
52.6328062172979,16.1648145178333,81.0781596694142,49.3098484208753
39.3225379521027,9.16139737237245,38.2773197954521,50.1394421635212
32.1369169279933,83.9099901262671,78.1410649186,68.1874063594312
45.663260598667,78.2764231553301,23.8079521572217,50.8636864999343
73.562889941968,90.5434109503403,94.8967821430415,71.1360878015841
93.5711143072695,83.4756242576987,4.59297657944262,69.3027662153853
46.0998466005549,17.4176011001691,36.161857820116,50.4514694160734
68.207102548331,42.5086351810023,24.413132132031,51.8504447853121
57.4152003508061,35.1092949509621,95.5366633133963,51.481297129534
65.1809111004695,46.1111087352037,57.3730516247451,49.0960231344794
15.1283169863746,80.4434456862509,33.34608937148,29.8888911635146
32.0533869788051,6.86922380700707,67.0727461110801,51.5867344510339
34.5679485006258,79.3792007956654,39.8954436415806,49.8926349160979
33.9858880499378,74.7188064968213,93.6547196935862,50.8383183392868
1.76745022181422,54.3756970670074,16.1203862167895,29.3726222357962
50.0750925391912,96.8563496135175,19.6088866796345,70.5034361359863
89.3310562008992,84.15661402978,52.4558087578043,70.132758376154
58.1296707969159,70.0879964279011,59.5988583052531,49.7816620004232
29.2187482118607,1.91736449487507,87.1890470385551,29.7007099534498
11.3791666692123,53.2022269675508,98.5467765247449,31.3407985975038
38.0130890291184,61.1709208460525,48.4305696794763,49.3840409632902
2.97834565863013,52.0066288067028,22.3890274297446,31.8502906191776
40.8569036517292,55.2224246785045,19.122006255202,50.0489046351509
21.8833684222773,19.1197412321344,72.7604932850227,30.3434601416223
68.2632658164948,21.3867144659162,3.89281355310231,47.9044560405435
56.4170169411227,61.6355720208958,79.4312939746305,49.6329305865731
69.5201427442953,1.08053712174296,25.839700223878,49.5521194481396
91.3947958033532,62.6350735779852,44.5009592920542,50.0162125901223
60.2894198615104,99.2947595892474,94.1928396467119,69.6662409261384
85.187650192529,56.0927929589525,60.8324730070308,49.1602456798037
2.44353371672332,22.5942810531706,11.2959380494431,29.3583429341295
34.177806111984,58.6584797827527,14.472111617215,49.3773448653855
26.2988172005862,87.0938962092623,13.1703744875267,30.0113778762541
44.2615853156894,72.9403398465365,38.1773039698601,50.2836340093142
83.6037483299151,27.1343738771975,95.2719127293676,51.5660514023559
5.94465944450349,21.2216019397601,93.2688590604812,30.7272373449449
60.9263279242441,1.08388448134065,3.46314371563494,51.0497585809884
50.203357450664,92.5121442647651,38.9109334209934,70.8058011550541
59.4224005239084,89.9818572914228,41.3114579161629,68.7453745622786
55.500322044827,71.3877008296549,0.421265698969364,48.9753719506909
67.5080838846043,44.4707918912172,27.9263303382322,51.5589041612641
4.93428979534656,58.5422708420083,27.9675191733986,30.8962884426805
0.376605289056897,7.31187826022506,80.6957799009979,30.6933382333775
72.7202084381133,75.031051132828,80.57828808669,49.3451853725659
32.6310868375003,46.528276684694,78.8048268528655,51.6700533065558
72.4448164924979,13.8844622066244,47.5527787813917,49.0082022778615
53.2943866215646,98.4476110199466,40.1707464363426,68.3653533308374
91.893344419077,81.7920251982287,81.1412329552695,69.3707728889947
40.7743396935984,91.2521370919421,33.2738953642547,68.6585261532371
95.2888610772789,97.4028275348246,7.37645057961345,68.8401313186201
52.3965848144144,70.3922793967649,85.4585241759196,49.2483327565621
95.7642722642049,78.3703760011122,81.5157640958205,50.1644319710618
97.0575553365052,12.568280287087,2.72243558429182,48.7413839147151
45.2530100708827,11.7336035007611,47.1534257987514,49.3497183556319
13.883909326978,43.8162764534354,13.1459618220106,28.6623127481573
51.5863825334236,47.2334241261706,8.42683822847903,50.6410663815398
82.8029337106273,52.8533439850435,96.4358806144446,49.5145972869005
54.1763574583456,98.2482336461544,68.9137489069253,71.1152370610552
3.16566126421094,91.7643464636058,19.7399945231155,29.9488441966547
59.0886140940711,88.634653063491,11.8817482376471,70.7357252531009
49.9813974369317,23.0716364458203,27.6314759859815,49.0178279103857
72.9868265567347,77.6131584774703,22.8049426805228,50.4411935925727
52.5333784753457,29.7226949827746,68.9080097479746,51.4674294234445
19.3295079283416,22.1965264994651,75.2493103267625,31.1174309320094
73.4986613038927,95.798252359964,59.1409189160913,69.2219984474465
28.2146136742085,22.946384223178,50.7604999467731,31.2384460093818
65.8279045019299,60.6536159059033,7.86801131907851,48.8877885200716
25.319344853051,38.1425517844036,57.8129227738827,30.4721380607407
11.5715045714751,42.5566806923598,97.8725726017728,29.8406618608057
67.6311457995325,40.7704819925129,62.8364596748725,50.4520614643278
66.2305208155885,45.8554770797491,94.5234417216852,50.0098361725508
53.3561637159437,24.6637665200979,68.5374938650057,49.0119311987752
81.9034618092701,21.3279196992517,69.2761040991172,49.2716783089776
83.3881557220593,10.5790660716593,72.2709079738706,49.9314824241395
50.3577792784199,15.7699236180633,88.5963661130518,50.2731940225243
70.6007602857426,26.9074998795986,77.759270882234,51.5474680936366
15.5734913656488,82.90126232896,53.1229542568326,28.8512898890562
13.4674098808318,92.7918281871825,44.1719572292641,31.3668856816192
40.9523827722296,16.6873894864693,74.1668715607375,48.8304309970949
90.6381574226543,20.8884002873674,77.6442862814292,50.5658242692535
84.143198444508,77.8895513620228,74.5404184795916,51.153797774276
60.2338689845055,16.7039378313348,50.8837452391163,49.1643603812417
64.4860175671056,36.8680956540629,43.6694571748376,48.5558828756037
58.6753700394183,47.0670069335029,80.5760795017704,50.117688401264
68.0300672072917,70.9289639489725,4.67529227025807,50.0034573530756
72.1330678788945,28.7200905149803,52.6727858930826,49.6755349362837
41.5386187145486,87.8348116297275,7.01866976451129,68.5977933588766
97.085723769851,56.4788668882102,29.9354797927663,51.4109899672387
69.0755852963775,94.9601555708796,69.2816543858498,70.6010539575695
42.2404275275767,52.4597590556368,32.980897044763,50.0889094648516
70.1657086145133,29.9323943909258,94.8273821501061,50.0659071993142
11.9861347135156,80.5017973529175,24.1278254194185,31.1566267831768
93.4144093422219,63.5727170621976,81.2888934509829,50.065471567145
23.1542886467651,34.3258501030505,16.8650350300595,27.6735562642234
87.30852981098,14.271413302049,29.4548189966008,50.7316309228001
83.5067878710106,65.7458430156112,76.3457708293572,48.8283817188084
26.468197023496,93.2730857282877,85.4660036042333,31.2771557830122
65.3933910652995,26.4547240221873,5.9554438572377,48.1467563007145
10.7664440758526,87.5454519642517,24.8567025177181,30.2547178215
13.3795250207186,22.3975386237726,88.2331506814808,27.6815420393043
94.0278695430607,7.21985839772969,4.22345525585115,50.0772469952589
69.9029647978023,31.1849230667576,19.905421580188,49.7825761979116
84.4468839233741,2.12216014042497,98.6483941553161,49.7922558017931
8.95474837161601,35.659948643297,75.8104541571811,29.9139853674695
50.9257634170353,52.7504923287779,89.9339283583686,51.3717062636846
40.6607915647328,23.4496504999697,51.7338904784992,48.9497651558888
27.2563069825992,27.044302620925,90.5610231216997,29.9777234696199
80.9608123498037,49.0863049402833,66.3723200093955,49.0498098484637
7.42263735737652,5.54271980654448,86.6892017889768,30.6086747605795
21.6605142457411,98.6669147852808,14.933728473261,28.7646384064397
41.082107112743,48.7443676451221,33.6451309500262,49.6799018386209
65.2505148900673,96.4759780326858,64.4436127273366,71.3736072475009
6.98145714122802,15.5548817943782,87.4311630614102,29.6975315549912
63.0209046648815,50.5439711734653,32.0387115934864,50.3288049013611
61.4129362162203,41.9611091259867,31.4004005398601,51.0545459481153
20.6819341983646,44.1695248475298,33.4349208744243,30.2688829120028
41.243759682402,76.0868321871385,30.5581335211173,49.9370303652449
14.4243059447035,96.7580527067184,68.6634795740247,31.0690115898503
3.35369275417179,81.5731788985431,9.17231857310981,8.1555642752581
69.311175099574,56.8993082735687,59.6059678355232,50.4677951825645
85.7142209075391,23.0712002841756,52.503019804135,50.9877957861097
57.7634594636038,5.10408829431981,61.6591493366286,50.0220319796619
75.3422617446631,16.1147143691778,58.93448300194,49.009263210965
84.6438303589821,22.789213526994,99.0464133676142,50.5233930105485
7.01664562802762,0.554785551503301,83.2665857393295,31.5502701322095
63.9519793912768,75.7595269475132,27.357950177975,50.0768485051216
88.03332564421,6.62384671159089,97.8724675485864,49.2858722630233
70.596183789894,36.9435345055535,17.8048819070682,50.1876345052445
30.9013619553298,10.7248039217666,46.7007295461372,48.9905702987453
13.1331011885777,59.3300063395873,27.9714315896854,30.4522279045386
95.8779313834384,54.5890350127593,48.0986762326211,48.9256530833868
86.97570245713,19.8888842016459,31.5218369942158,46.9576266933548
22.1110403770581,49.5449076872319,17.0452174264938,30.5195479018582
26.103200041689,76.7222919268534,64.7499639075249,29.2848121029872
75.4367713583633,46.9508125912398,69.0005907556042,49.3047536464509
60.4886801913381,12.5424191355705,18.0636928183958,48.4769370970963
31.1283018440008,64.5771244773641,3.76480249688029,49.9194702766516
25.3935685614124,15.6686306465417,84.5680592115968,29.8285411171934
94.1993834683672,55.1322215935215,76.1870256857947,50.117962291774
18.8025292474777,84.3238587258384,97.2973287338391,31.3592121563448
23.6151158576831,78.2712712185457,42.97196904663,31.795139801882
23.3377495547757,26.0961479973048,77.2313595749438,30.1197395313403
36.6831463994458,83.4652949590236,69.7678148280829,69.9730928824536
96.3624799856916,40.6101007945836,31.877692299895,50.0174593130442
83.3664350677282,20.8704520715401,75.8646410424262,50.9146484206383
95.8826951449737,5.06684293504804,76.0504094418138,48.5070075824736
33.5707145510241,34.0272803790867,26.5850415220484,47.8802466906267
65.7790195895359,46.0581204388291,44.917353359051,49.7161161140865
83.500492782332,10.4216947220266,81.2555367592722,49.0756107722447
18.0969695560634,92.8464015480131,68.0058092111722,29.2111805076282
21.3496421696618,14.1255679540336,51.4028311474249,29.5608927983615
8.32353623118252,59.359742491506,25.6980946520343,30.147589624768
53.9475178346038,39.1591115156189,80.4146187147126,50.3087688399883
50.2952561480924,36.8737362558022,31.1995185911655,51.3455849193481
85.2922818856314,88.2663592463359,56.2711180187762,71.3688773242909
75.1975910039619,80.8125364361331,36.0560579691082,69.0703248891791
80.6873644469306,72.8502667276189,32.5090240221471,49.4745083784331
1.940973312594,53.3874276094139,73.2429886469617,28.6851440116683
83.9440173469484,6.45700893364847,39.2483096569777,50.620300777734
8.9570562588051,23.2287591323256,29.723123088479,31.0583175414371
48.5860234126449,45.6563147250563,69.1257241182029,51.0984600725891
40.8119818894193,25.2845111535862,86.9520198088139,50.8285189390216
55.9180531883612,42.2395858680829,29.5077048707753,50.9767300403923
20.7433080300689,69.0328209660947,76.3042345177382,30.4279689486224
77.3056382546201,91.7757206130773,63.2514019496739,68.0414368582217
22.1931600244716,17.2399852192029,30.5677022086456,29.8220387234855
57.5093373656273,34.2006772523746,40.4999791644514,50.3677948518926
53.6773250438273,12.8508676309139,45.3471498796716,49.2484545714948
47.9725723620504,79.7645385377109,6.98835325893015,50.0646067216143
60.0592521717772,41.3600131170824,71.2730029365048,50.1662599506939
26.0005359072238,74.9204391147941,74.4287436129525,28.9283024202883
64.4369578920305,12.9977077711374,10.7099364511669,48.2835779188015
62.2323417104781,7.18907937407494,69.5754838408902,49.1244993601048
85.7821954414248,24.553020647727,48.9297926658764,50.219899798059
73.1578780803829,59.6991154365242,4.52745817601681,49.8911153059612
0.660420395433903,71.5998069848865,40.2888330630958,30.8358398887806
28.1710138078779,53.8168607279658,69.8012938722968,30.6557264760014
68.7829190399498,90.0901780929416,17.8405393380672,69.3336511276493
8.42016153037548,84.7180301090702,30.7335205143318,30.8383887361466
14.6845875540748,70.5422105267644,89.6188515238464,29.3052067717452
34.5546497032046,40.2410419890657,10.822853888385,51.5674197556524
34.6532320370898,17.561167688109,89.803319843486,48.2441647044014
61.4346426678821,71.5070908656344,34.8937483038753,50.6797027529406
20.0562304584309,83.4777860436589,89.0498382272199,28.6413152172054
91.6891207452863,17.7286176942289,26.5561226056889,50.5529425964061
60.5535011505708,88.721110066399,88.1644989363849,71.1574301566186
80.2915375679731,88.6105014244094,16.3462876575068,69.8528589879767
10.1521382573992,10.3994057513773,47.3953266395256,29.574102338665
68.295676750131,13.0527933128178,28.7910373881459,52.8352289187469
42.5902285380289,78.7482028128579,31.9692060118541,50.758383911995
51.4654857106507,37.4937545508146,45.544745028019,50.3951687992838
96.779526816681,51.5234861522913,98.8568985369056,49.8731055654647
33.5878895362839,18.2903356850147,2.56394613534212,51.1480211224741
94.9646315770224,59.1591253178194,59.6282632090151,49.440041488368
34.7241479437798,22.7711599087343,25.5724713206291,47.3793134338608
12.4677423387766,85.4783054906875,94.1566394874826,28.1733771132836
63.566060969606,52.7749841567129,36.2488280050457,52.0978182149768
82.1941868867725,41.9056140584871,45.0699110515416,49.9395612281636
12.9130221437663,90.3881910955533,77.0368883386254,30.2273285028558
69.8558272793889,21.5291677741334,63.3962314575911,50.1082928488863
84.6429177327082,92.3427639529109,59.0148700168356,69.1706462579603
17.0235885074362,9.54985902644694,41.7004086542875,31.2202620778265
54.9496577121317,62.7686967141926,1.80651296395808,50.2011329610221
5.11446485761553,58.1692080246285,46.5456071542576,31.846333981931
96.6246522031724,3.94518452230841,18.8162781996652,50.2358283535662
65.993617172353,44.0222484525293,60.0856217322871,48.4981458518729
58.874882129021,79.6349756186828,11.0952110262588,49.6515347226146
19.2311637103558,75.7815346354619,75.9427325101569,31.8220706089732
20.7759732846171,8.26792372390628,67.2559647355229,29.1219917232272
59.8431556951255,3.36741297505796,27.3918061051518,49.364570972224
1.6891717677936,31.8854313576594,28.2721550669521,29.5292364449305
97.535288380459,75.6626307265833,84.2197268037125,49.8601351459262
59.841937199235,13.9889176702127,8.35094309877604,51.7890580875841
6.86449422501028,0.541876419447362,49.6468778932467,30.4363604858857
17.9332393920049,90.6121192034334,82.2346494998783,27.912275592769
11.6912509780377,31.6406359430403,90.9553366713226,28.1849617113006
23.4471913659945,37.5399553682655,27.8755980310962,28.8882711768811
25.9225647896528,77.1118473960087,20.523647707887,29.8316642671525
96.7619518516585,59.0798716060817,32.3505596024916,51.0640051864574
61.1941473558545,51.7580119194463,11.2042753491551,51.802402220009
31.854193797335,75.880311941728,59.2551609734073,49.143879699508
35.7637667097151,58.6893857689574,49.1988874971867,49.1302670371669
86.3149588461965,64.5775309065357,19.8321602540091,50.0763569177882
29.0786285186186,89.1635550186038,49.7102544875816,29.1965306688971
63.6238856473938,39.7454496007413,96.0759597830474,50.2666721070069
44.2317690933123,80.5111326510087,76.0576908942312,68.973111106955
45.3848790610209,96.7053648550063,64.6088220877573,68.9241415357003
14.932680525817,99.7738510835916,66.6129034012556,31.1862972535412
47.1884648315609,97.1494902856648,71.4256566017866,70.2535095291629
99.1870341589674,96.2752440245822,14.0206055948511,70.5791356395389
87.2020006878302,96.8006777809933,15.2850493090227,70.2875911437131
53.3386587630957,97.0013780519366,3.8867931580171,69.0401510988622
18.1604954879731,38.9676427701488,75.8895353414118,29.3666313386428
52.1144949831069,58.4989956114441,74.4862946216017,49.3938167921834
54.1237787809223,50.7309823762625,14.3147717695683,47.6037445787389
68.6740083154291,59.831083426252,68.7812981661409,50.4357407901258
16.428723372519,58.7647787993774,90.9942830447108,29.8069361130444
63.2059587165713,97.4754298804328,42.877463507466,67.9261442148398
54.8120806459337,21.2420678231865,4.84578211326152,48.2172417024425
16.1399163305759,38.1161186378449,48.1843192363158,28.8333105556343
2.9856335837394,38.2359812967479,82.9186735441908,31.6689479736121
21.72758707311,12.8147046081722,25.4916317528114,29.4014544817811
34.8092771135271,6.19587660767138,93.8065572408959,48.5987758964863
61.9258537888527,90.0149755179882,85.7968352502212,69.4109993617729
25.2066113287583,70.3119261655957,62.3354705283418,30.2742570134128
44.6908794809133,84.2328091152012,66.8889081571251,71.6902226537294
49.9902023235336,58.2358435261995,93.0311021395028,50.6944359504647
28.736454481259,18.30785558559,5.20850117318332,9.42539373899197
40.8324468415231,23.6191016389057,93.2113886578009,50.8881001906009
3.49626946263015,44.8763192864135,72.8702273219824,30.7123817573001
64.2830538796261,60.5754761956632,4.66420534066856,49.811746743044
33.966632722877,0.719444989226758,19.8913822881877,49.414275682778
9.42018355708569,71.5024376055226,95.9690292133018,30.0402963210171
98.0825102189556,77.1577094681561,0.952980946749449,51.2859344533453
94.2182816099375,59.5238636713475,20.2955289278179,49.8295016414354
45.3351524891332,40.9375406103209,63.5763462865725,49.7398969711548
8.02672635763884,58.0543417250738,37.5792926410213,29.5566795115659
81.0045606689528,52.8773526893929,36.5807571215555,50.4686876386693
98.6780615057796,45.4711351078004,13.8745847856626,48.1852682184833
22.8517738869414,46.0488240467384,14.8929229239002,29.0902247036835
56.2593057518825,6.02454910986125,88.040990778245,49.0457530958048
46.115021337755,3.46442745067179,16.4133700542152,49.4088548141909
40.9048801055178,77.285065012984,44.1599697805941,49.3361848090003
39.1665219794959,76.5980640659109,20.2768456190825,50.1856787777836
65.8857608679682,35.1659601554275,23.4324097167701,51.5896284683918
47.9299652390182,30.2739897277206,99.9272533226758,50.6942123709901
88.5058415820822,41.1445780191571,70.7467410713434,50.2121617887288
39.0699348179623,55.5134549736977,8.04219353012741,49.8139098443371
61.1077798064798,42.2170056495816,92.9415625520051,49.8912829101959
87.3034182470292,46.7136521590874,39.2853611148894,49.4680353949744
66.3922635139897,33.2613435806707,71.7916797846556,50.2041701435632
88.0119479028508,70.1013860059902,3.2125456025824,50.7393676420344
42.4314819974825,83.7708244565874,79.8706238390878,69.7010397948311
66.4842264028266,48.9302766043693,12.5758591108024,50.0181237270162
63.5819151531905,18.4540132293478,96.7832527589053,48.3928444108
0.753768254071474,15.7964939251542,42.0394058339298,31.5039615714744
30.902550672181,42.215296975337,35.7171160867438,50.5912079279899
31.3823203323409,89.4988253479823,65.4195348266512,69.5138821235316
77.2038610419258,36.8156265467405,6.64119569119066,52.0422144532129
53.6391324363649,3.5263289231807,56.1761945020407,52.15919685261
51.6400140477344,34.3454832443967,62.9451509797946,50.7833807692721
57.9414494335651,46.5186326997355,29.4783317716792,51.3763365481788
2.10956502705812,90.469302306883,58.8548419764265,30.8899906562202
39.8764125071466,28.0317187542096,53.3005950041115,49.2524431052002
23.0311402352527,10.968241491355,47.1269237110391,28.6441908284778
76.3043318176642,30.8288341388106,65.6647417927161,49.830587227935
84.1604557121173,42.0477918582037,72.70323401317,49.8540326084075
64.1624171985313,17.6775873173028,89.8422264726833,49.4019731100662
26.4870036160573,45.1873999787495,18.1933493353426,28.9469735802867
23.2404172187671,57.7350045088679,27.5880779838189,30.9470691401434
43.3525153202936,69.404446403496,59.4662681920454,49.973837993043
12.3902670107782,49.1110272007063,65.2141493745148,28.9055922925672
56.9478032412007,44.907737756148,78.9136143401265,50.5903226792986
48.2604981632903,46.4780301321298,88.2931766100228,51.9443946288563
46.2319849990308,45.7050147932023,80.8337323367596,50.0641429339958
15.000356012024,90.3836641227826,82.4314755853266,30.5130902644869
97.5545571418479,93.5564435087144,56.1979273101315,70.5970529138288
54.454430914484,96.0438572335988,93.9785489812493,70.5240440473559
58.6028311168775,9.16375091765076,18.6646773479879,50.4774773213283
28.9884008234367,84.2806256376207,37.959312251769,29.5775746685381
55.3093116963282,81.5568369813263,28.6733447108418,69.7731034871037
50.8606284856796,62.4779833480716,94.6722798515111,48.9049262455
3.58036984689534,46.6603485867381,58.0842254217714,28.2201991000133
54.9174795392901,77.2764201974496,89.3088586628437,47.9025648189057
21.8515886925161,9.67035822104663,22.7995000546798,31.7301895384135
13.8806163333356,4.66718438547105,50.7876091171056,28.3574599000144
28.3699140883982,2.73281778208911,84.7051497781649,29.0864824168595
6.09480449929833,5.94670393038541,79.8593755578622,28.9106032267893
49.020342878066,1.33768492378294,16.6938366834074,48.7682999598128
2.92128180153668,47.8386772563681,19.2168208770454,30.5134874135648
0.496249576099217,96.5605651959777,90.6949500087649,30.7737564258937
35.7098524691537,9.87839307636023,30.0296843517572,51.2103663143865
19.0819591516629,73.4791488852352,52.8090642997995,29.1073167616104
74.8884010361508,9.15725328959525,82.3616745416075,50.6155625538851
63.6622267309576,63.7761645950377,24.4490302167833,49.6767471307536
88.0374573171139,80.0828722771257,66.2861977703869,69.6335373536314
63.2508154958487,48.9716129377484,46.6883089859039,51.0967843047913
22.6318940287456,15.1996765518561,79.9112709006295,31.2027617737993
54.9928634194657,99.4749438250437,68.2346256449819,70.7972252399144
12.0383854722604,40.9328507492319,13.389919931069,30.0504019617551
6.43377685919404,33.4874554304406,51.4008253579959,29.2596127153164
81.3092396361753,1.78290319163352,44.8241046629846,47.6805301315626
47.2554469481111,34.0906011639163,46.9145731301978,51.6459337512243
58.5874437820166,81.6830368014053,14.4832228776067,72.550366230846
58.2695160061121,96.2970348075032,51.0077625047415,68.2433515739324
3.70831561740488,40.270627499558,29.0096391923726,30.0673665922908
27.566964761354,98.5203881282359,3.66927292197943,10.2683730050998
85.6898098485544,14.5185008877888,7.05563614610583,49.1837499094099
89.9904285091907,45.5277665285394,74.7832131339237,49.6373278958366
2.70262586418539,17.1695722499862,62.4134615529329,30.6664337341492
29.5635522576049,36.3528856541961,81.8147606914863,30.3456300181471
40.8840465126559,62.6915197819471,84.0704954694957,49.6390639909452
14.2234607832506,13.92919102218,5.04885644186288,11.3525515909935
69.0659012412652,12.724816869013,23.3626239234582,51.5637326386804
22.1300444798544,60.2640855591744,54.598363279365,30.2325779586846
33.8551695924252,44.0827747108415,5.33154141157866,49.5194464762573
36.7941751144826,96.7332452069968,10.9718642896041,70.4515925014416
53.5744511522353,75.8602551417425,34.8374394932762,50.0845631171503
28.0026727588847,85.211293399334,46.3519900804386,29.0088102114947
53.1905068084598,91.7951518436894,15.9987974446267,70.0439681105313
70.4013246577233,55.7929637376219,94.5914449403062,49.9001357403998
15.9111424582079,8.10133176855743,14.4285689340904,30.1016179833308
56.4772528130561,22.3669677274302,64.6030474454165,50.1008138408144
28.3523474587128,65.8432165626436,86.9271058356389,31.6344498114401
57.4294166173786,73.4735881211236,38.2672037230805,50.297187596631
98.6779785249382,12.3490414815024,20.6640573684126,49.2249457797866
0.0013573095202446,60.4923951206729,99.2171671940014,31.2648664813392
3.26755216810852,29.0481206262484,0.794604048132896,11.2416550629846
69.1221792018041,1.64235280826688,43.4671284630895,49.1058460288455
2.85773896612227,4.91192888002843,75.4064548062161,30.4561255058763
91.099130641669,69.7504413546994,97.0214181113988,49.7930667757244
9.27804096136242,27.7761144330725,7.88287164177746,10.5984627893778
0.746270548552275,45.720220846124,6.45514393690974,9.23421839185133
79.0195607114583,38.3127382257953,94.8612819425762,50.2788339353066
75.2219542395324,18.043823633343,0.00507626682519913,49.1159390160924
19.4366876734421,0.850770901888609,64.965503057465,30.7099083992451
87.9516106331721,15.8759195357561,34.4610458472744,50.39387104706
93.5970338527113,32.247846480459,2.17420801054686,49.8614650565296
64.4449618877843,43.9445168711245,41.3543591275811,51.4299398651918
30.3152543259785,45.5049969255924,11.9233550271019,52.4846533046257
73.0384429218248,79.285263363272,39.2797417007387,48.9400554841031
7.0264938287437,53.380710282363,68.5269971843809,28.9701061039032
8.68527044076473,48.0337887303904,74.6799568412825,31.618541918666
20.7197054056451,2.81027539167553,67.3889084719121,29.6076018802572
14.9362078635022,24.6253866003826,20.2422604663298,30.6160743772371
98.2735350262374,26.2153449235484,51.5661237994209,51.2107769133469
3.56063528452069,99.9363308073953,83.9123300975189,30.4027113416584
76.3404470169917,78.9386599790305,78.4365879371762,50.5865854908435
76.1468815617263,50.8356425212696,24.6914893388748,48.6610674002636
29.5816709287465,43.5443521942943,72.0678508281708,28.5952702826363
60.8919829363003,94.4129296112806,18.5156309744343,69.3678176398389
33.3126668119803,98.4452351462096,35.5338883120567,70.9816003112959
49.1633303463459,8.18104431964457,9.10548632964492,50.6632622904165
68.9326057210565,77.1739935968071,8.01234277896583,49.9422396269178
96.7452486278489,75.3079287474975,66.0183903528377,49.0468180834247
57.6851345133036,27.8942549834028,52.739424421452,50.2028884300025
56.5645190654323,53.4752868814394,89.6648336434737,49.6487768475901
48.6390811856836,3.66350745316595,3.51949089672416,50.3318128046402
71.8451349064708,3.04760672152042,44.1726589109749,48.6539119499748
1.80807490833104,28.7038007285446,59.2167720664293,30.0523645043222
99.5174286654219,68.6196991475299,92.4861106090248,51.4546603323621
12.0965781388804,81.3475080998614,31.2998950015754,30.0826899780178
24.0101030329242,60.0737510016188,30.5396378040314,30.3499407078297
39.6708341082558,92.6982966717333,30.0233060494065,71.4183109136073
65.1273473165929,82.6328886440024,36.6764218779281,71.1545853575165
92.5385196460411,34.4085878925398,74.7502729063854,49.8774522911776
82.8963440610096,25.3887871745974,24.5665066875517,50.6274860315314
97.2817250993103,90.8235772512853,50.4704297054559,68.4579199203707
1.38241841923445,49.2899307515472,27.7328862808645,30.2327161352573
0.760946003720164,92.5823842873797,9.07846693880856,8.59822388698123
82.7169450232759,23.5288294032216,52.1521670278162,51.200158253967
9.80200474150479,99.2005668347701,96.8301809160039,28.3925226873817
65.9221567912027,75.6068152142689,10.8161598443985,49.759082294952
2.2048310842365,41.8216921389103,50.49981076736,31.4269588439662
22.7779811248183,12.3440284281969,44.2150526214391,29.2594338521902
16.1604244029149,3.68556890171021,38.2942471886054,31.474769301323
42.3672185279429,80.555723933503,56.3309039454907,69.6578092876508
83.6275266017765,46.8118255026639,97.6833861786872,47.9048574630959
38.3852575905621,88.6251230025664,27.9070782009512,70.0987470125999
33.5558607243001,27.0166189642623,50.1421058084816,49.3528364378046
96.0587682202458,12.3619835823774,89.0155209228396,49.3098404644865
35.5352637823671,79.254675633274,78.1739585101604,50.4394112770022
51.329871173948,28.8264283677563,21.5726608876139,50.5409998808735
10.4495839448646,20.0417818501592,97.5999027723446,30.5011626247203
96.6878906823695,54.2468812782317,20.0038643088192,50.2236275067643
44.5648240158334,60.6822754023597,44.0898030065,49.9469999283526
5.79229616560042,80.236183363013,52.0311038708314,28.9825825564492
10.2274007629603,39.1904774354771,20.2729590469971,30.002665360563
59.4596290262416,30.8744002366439,67.2801344655454,50.3447499524737
23.1969560030848,15.0491575943306,39.7430495824665,29.0189782711827
77.4306342937052,11.0278067179024,35.7443214161322,50.01402787846
46.1735284654424,21.7317978851497,1.36548273731023,49.7866978372576
77.6712178252637,30.734532722272,55.2536430303007,50.0845838253383
24.1063843015581,90.9310288261622,2.73542490322143,8.26660400919693
68.0203577503562,77.5307273259386,25.4778029862791,50.6461276056345
2.35286494717002,71.2238821899518,15.5180780449882,29.8523397456642
86.7190754506737,71.9079835806042,34.0061286231503,51.4370675557308
88.0264913663268,30.026254337281,64.3079915316775,50.0690335836384
0.547415437176824,16.2387178745121,29.4628559611738,30.4467269003576
9.37720667570829,9.9423776846379,92.2574914759025,28.8775100840621
98.2060115085915,7.05376507248729,61.290086642839,49.2020059249756
90.4702554224059,10.9935584012419,98.8369698170573,48.95709734234
0.0202514929696918,66.7119353543967,44.0441146492958,31.2979534812569
8.28592467587441,90.8138134283945,24.0107025718316,28.526896995653
37.0271592633799,20.4955768305808,20.4050704138353,51.1985550981129
17.6067956257612,20.3637744998559,21.9401824753731,30.9818394451356
77.1749653154984,41.6163923684508,12.7006070222706,50.1421201951733
35.2599307661876,47.7022354491055,83.8260438060388,49.755751304607
94.8445338057354,67.7599536953494,84.0711993630975,50.1011415067798
27.9228475876153,80.8194406796247,98.7306438852102,30.9956429593862
6.0659481678158,24.9005666002631,31.1510796193033,29.7210167523132
40.9081039950252,75.1008813269436,95.7136568147689,50.2352012448926
16.739746928215,52.4952088482678,66.2848109845072,27.7695639441558
94.7951360605657,73.8598980242386,13.2209791336209,48.9017999343526
5.78041465487331,58.5985475685447,67.4564041895792,30.9025838113562
9.77079854346812,20.8166452124715,58.3391956519336,29.8508267297057
45.7212653709576,5.93233637046069,86.3441173452884,50.634709923249
84.6731625963002,29.6709968009964,9.20863552019,49.7967853481051
98.4510878566653,82.7766581671312,32.6366483001038,69.34422608983
15.2784474659711,98.6074133310467,43.5851071495563,30.3959683928219
44.8522859718651,88.9709669630975,8.29157319385558,69.6294292201047
95.1457634335384,14.239202090539,19.2027326673269,50.3612719980408
87.8275204449892,10.3390597505495,81.4453143859282,48.7615826839568
14.4972584675997,55.7084914064035,45.7055938662961,29.0355430506755
83.1512375036255,65.4511778382584,91.9909690972418,49.3013401102013
36.6538818459958,61.1196052050218,3.07860139291734,49.3991788857441
19.6066790260375,18.1146966060624,39.0586824854836,27.9686005156979
29.9335694173351,99.5405218563974,44.0989203052595,28.7904779728897
15.8019331516698,90.7765267649665,30.1774323452264,29.1838507336203
8.21978528983891,9.20787283685058,49.9743320047855,28.9328931907428
63.4351687273011,60.2458290290087,33.2930690143257,49.8551246907643
3.59188069123775,30.3642368176952,6.68418440036476,11.4345795435417
77.5785380043089,52.7328895870596,35.6158488197252,50.108981748983
76.0110151255503,22.8499986464158,57.2259809821844,49.5306721256294
27.3803930729628,84.5185614656657,18.8760268734768,30.8986621963353
0.426955707371235,21.7684385832399,63.1315925857052,30.8591512930274
24.1315793478861,30.591823766008,6.32547147106379,8.81829163652237
94.395234901458,18.1017892435193,59.2807041248307,50.8367567403942
31.4066846389323,53.3966265851632,67.647147923708,49.3003544901997
37.6130826771259,34.8229377996176,89.3030629260466,47.3724086472599
17.5931653706357,47.8671514661983,23.3058799756691,28.2455448461944
26.7134035937488,96.5018569491804,19.7879634099081,31.6207232992996
22.7253674296662,39.3778628204018,62.6646396238357,29.7404042993293
62.6049019861966,90.4844805132598,5.94966113567352,70.4498220285245
78.9320457959548,53.5081608453766,27.8160286834463,50.5501524518813
78.0891525791958,90.6375822145492,99.3065285496414,69.5836913516376
70.6561321625486,57.2266091126949,1.67481757234782,51.673912146044
28.7775718374178,68.4225699864328,42.989877006039,30.0758361884695
85.5729639763013,13.6898273136467,33.9361037593335,50.5059544483671
51.577733666636,34.2641204129905,79.9580604070798,50.3332124128529
63.5387316578999,17.7232863381505,94.0312716877088,50.4669406367222
95.069157727994,91.1136153386906,96.2537544546649,69.3356339123476
72.3396935267374,77.5877607986331,49.5787180727348,51.6300155016585
50.6206758087501,10.1744368672371,95.7583318464458,50.2217016165957
21.4130496606231,8.88346990104765,85.1770954672247,29.5428049649589
87.7440446754918,37.0195733616129,63.1265404401347,49.1834201957363
30.0310616847128,19.347413466312,75.5374194122851,51.2646416926027
68.6984141590074,73.1124425306916,9.05396067537367,49.8001944941275
79.1928123915568,50.7857844932005,54.8568264814094,47.7917075088093
68.0139760719612,99.2287716828287,10.4355950374156,70.5457150749728
11.1321382923052,22.5522722583264,36.4537822315469,30.0097568788037
75.4865334136412,15.0016340427101,76.1424587108195,49.1505585406281
61.4674270153046,57.4107358697802,85.4373871348798,49.7730896598842
77.2965137381107,43.4240346541628,72.7237570798025,50.4404979744752
64.1350188059732,86.851451266557,47.4028647178784,69.3424667474757
85.9389648772776,50.1739285187796,9.83141565229744,49.8885451896769
40.7506061717868,90.333785302937,6.60407056566328,69.7534779877765
89.3504978623241,10.9479875536636,61.7161494214088,50.9983955152246
95.9189419867471,78.1120769446716,49.5508544612676,49.4933138653918
26.0634714737535,7.36603830009699,17.4684387166053,27.3502598123387
45.2951517654583,98.1848524650559,39.3420798704028,70.2134119896767
43.4692250331864,8.58134895097464,3.96472057327628,47.9675394627717
58.0679907463491,45.8535304525867,83.4382361965254,49.6912581371852
12.9462326411158,80.1610845839605,3.89938736334443,8.55770320561206
20.1096625532955,67.2228058101609,6.90091215074062,10.5125819630047
14.6504492731765,86.738694505766,60.3983943350613,30.1482760044523
23.1694249436259,48.3204800169915,7.62078256811947,9.66603700196998
31.5778563963249,15.1743496069685,2.81245207879692,50.8977170940186
94.1101135453209,56.8219068227336,42.7814790513366,51.4021669540362
34.2592767206952,10.5121998116374,69.4351727841422,50.5359796061113
43.1776729878038,10.5883459094912,44.9588094139472,50.4404935982162
11.9698921451345,20.2509284950793,72.6701155537739,29.7235266809533
19.2622120724991,77.4587592575699,41.238344181329,29.8928936494663
88.3542085532099,63.5786837199703,67.7698705578223,49.9421153453425
27.831670222804,75.3016059054062,65.1374754728749,31.0527298187826
62.1087642153725,18.2016699574888,11.3367351237684,49.6833766407623
97.6354721467942,29.2780331568792,92.4061040859669,49.0910648990426
61.7386183235794,38.9244184130803,0.0217140652239323,49.8398577029508
18.1687707547098,47.622607043013,93.9022085163742,29.2316357098413
78.6626521032304,26.8768184119835,12.7320899162441,50.3318439831808
22.1500960877165,90.9324957523495,47.0525710145012,28.6724924043962
56.659252778627,96.9026979291812,81.9840332493186,69.1056212482515
49.5734713505954,82.1307129459456,51.7987389815971,71.0659648839238
43.2106334716082,81.6317582968622,86.2494842149317,70.0290498843359
6.55328645370901,94.3008234957233,29.6189880231395,29.4080631890016
86.9515974307433,15.8289249520749,71.1556540802121,50.4479055280205
26.2496333336458,27.3852926911786,12.7649671863765,33.5749582958513
1.71042503789067,70.9238124080002,8.82714875042439,10.5406938521181
56.2208626884967,57.5294381706044,95.9110453724861,49.5403759054427
13.0571418441832,89.2060015583411,17.3189386725426,29.1147411477815
75.6668489659205,8.89666303992271,13.5133794043213,49.3371750486009
92.3449970083311,22.2429787507281,7.0647283224389,50.1488723622192
56.4175761304796,84.5112974289805,4.18534281197935,70.9142004147311
2.22362128552049,38.0442335270345,56.1769494786859,29.7322805217597
17.1566949691623,21.6936028562486,19.8147240793332,29.9722378680271
98.2053669635206,42.4507855903357,6.41378685832024,48.8418267265925
19.6467174682766,24.1433580871671,40.7227261224762,28.5632635559779
56.470994069241,70.8627266343683,44.3562124390155,48.8182698442997
20.4907751874998,62.089354544878,87.7394322073087,29.7581846384612
2.09991631563753,51.6859096242115,23.8438294501975,30.4567023658006
13.7946473900229,38.3901912020519,81.5879346802831,28.7579058569434
58.3617390366271,35.0674314424396,80.281566362828,48.8984595353303
88.4395072469488,13.5336384177208,66.0321364877746,50.2099492539624
26.2654891703278,31.35281780269,77.0952495047823,30.0298595087395
35.3023445466533,44.246996473521,27.427190891467,49.2592276986729
4.04075344558805,10.2869843598455,79.8728018067777,29.4265247096627
27.4650042876601,40.0139543926343,74.646285129711,31.167550990972
30.7638440746814,29.9158028559759,89.8605393245816,48.9021878442062
